YY,MM,DD,hh,mm,WDIR,WSPD,GST,WVHT,DPD,APD,MWD,PRES,ATMP,WTMP,DEWP,VIS,PTDY,TIDE,time
2026,5,6,1,26,,,,1.3,11,7.5,318,,,26.8,,,,,2026-05-06 01:26:00
2026,5,6,1,56,,,,1.3,11,7.9,316,,,26.9,,,,,2026-05-06 01:56:00
2026,5,6,2,26,,,,1.4,12,8.1,323,,,27.0,,,,,2026-05-06 02:26:00
2026,5,6,2,56,,,,1.3,11,7.8,317,,,26.8,,,,,2026-05-06 02:56:00
2026,5,6,3,26,,,,1.3,12,7.8,317,,,26.7,,,,,2026-05-06 03:26:00
2026,5,6,3,56,,,,1.4,11,8.2,324,,,26.4,,,,,2026-05-06 03:56:00
2026,5,6,4,26,,,,1.2,11,7.9,304,,,26.1,,,,,2026-05-06 04:26:00
2026,5,6,4,56,,,,1.4,11,8.2,316,,,25.7,,,,,2026-05-06 04:56:00
2026,5,6,5,26,,,,1.4,11,8.5,320,,,25.7,,,,,2026-05-06 05:26:00
2026,5,6,5,56,,,,1.4,11,8.3,313,,,25.4,,,,,2026-05-06 05:56:00
2026,5,6,6,26,,,,1.3,12,8.4,318,,,25.5,,,,,2026-05-06 06:26:00
2026,5,6,6,56,,,,1.5,12,8.6,316,,,25.7,,,,,2026-05-06 06:56:00
2026,5,6,7,26,,,,1.5,11,8.5,316,,,25.5,,,,,2026-05-06 07:26:00
2026,5,6,7,56,,,,1.5,11,8.4,320,,,25.4,,,,,2026-05-06 07:56:00
2026,5,6,8,26,,,,1.6,11,8.5,318,,,25.4,,,,,2026-05-06 08:26:00
2026,5,6,8,56,,,,1.5,10,8.0,318,,,25.3,,,,,2026-05-06 08:56:00
2026,5,6,9,26,,,,1.4,11,8.3,321,,,25.6,,,,,2026-05-06 09:26:00
2026,5,6,9,56,,,,1.4,11,8.2,316,,,25.5,,,,,2026-05-06 09:56:00
2026,5,6,10,26,,,,1.4,12,8.3,314,,,25.5,,,,,2026-05-06 10:26:00
2026,5,6,10,56,,,,1.3,10,7.8,323,,,25.4,,,,,2026-05-06 10:56:00
2026,5,6,11,26,,,,1.3,12,7.8,320,,,25.3,,,,,2026-05-06 11:26:00
2026,5,6,11,56,,,,1.2,11,7.8,317,,,25.3,,,,,2026-05-06 11:56:00
2026,5,6,12,26,,,,1.2,11,7.9,317,,,25.3,,,,,2026-05-06 12:26:00
2026,5,6,12,56,,,,1.3,12,8.0,321,,,25.3,,,,,2026-05-06 12:56:00
2026,5,6,13,26,,,,1.3,11,7.8,316,,,25.2,,,,,2026-05-06 13:26:00
2026,5,6,13,56,,,,1.2,11,7.6,320,,,25.2,,,,,2026-05-06 13:56:00
2026,5,6,14,26,,,,1.2,12,7.8,320,,,25.2,,,,,2026-05-06 14:26:00
2026,5,6,14,56,,,,1.3,11,7.9,323,,,25.2,,,,,2026-05-06 14:56:00
2026,5,6,15,26,,,,1.3,11,8.0,316,,,25.6,,,,,2026-05-06 15:26:00
2026,5,6,15,56,,,,1.2,12,7.8,318,,,25.6,,,,,2026-05-06 15:56:00
2026,5,6,16,26,,,,1.3,11,8.0,316,,,25.6,,,,,2026-05-06 16:26:00
2026,5,6,16,56,,,,1.3,11,8.0,324,,,25.6,,,,,2026-05-06 16:56:00
2026,5,6,17,26,,,,1.2,12,7.4,323,,,25.6,,,,,2026-05-06 17:26:00
2026,5,6,17,56,,,,1.3,11,7.4,331,,,25.5,,,,,2026-05-06 17:56:00
2026,5,6,18,26,,,,1.1,11,7.3,307,,,25.5,,,,,2026-05-06 18:26:00
2026,5,6,18,56,,,,1.3,11,7.4,316,,,25.6,,,,,2026-05-06 18:56:00
2026,5,6,19,26,,,,1.2,11,7.5,317,,,25.6,,,,,2026-05-06 19:26:00
2026,5,6,19,56,,,,1.2,10,6.7,327,,,25.6,,,,,2026-05-06 19:56:00
2026,5,6,20,26,,,,1.3,11,7.3,331,,,25.6,,,,,2026-05-06 20:26:00
2026,5,6,20,56,,,,1.1,11,6.6,320,,,25.7,,,,,2026-05-06 20:56:00
2026,5,6,21,26,,,,1.2,11,6.7,328,,,25.8,,,,,2026-05-06 21:26:00
2026,5,6,21,56,,,,1.2,11,6.6,330,,,25.8,,,,,2026-05-06 21:56:00
2026,5,6,22,26,,,,1.2,11,6.5,323,,,25.8,,,,,2026-05-06 22:26:00
2026,5,6,22,56,,,,1.2,11,6.4,320,,,25.8,,,,,2026-05-06 22:56:00
2026,5,6,23,56,,,,1.1,11,6.2,321,,,25.8,,,,,2026-05-06 23:56:00
2026,5,7,0,26,,,,1.2,11,6.4,321,,,25.8,,,,,2026-05-07 00:26:00
2026,5,7,0,56,,,,1.1,11,6.2,325,,,25.8,,,,,2026-05-07 00:56:00
2026,5,7,1,26,,,,1.2,11,6.4,323,,,25.8,,,,,2026-05-07 01:26:00
2026,5,7,1,56,,,,1.2,11,6.2,324,,,25.7,,,,,2026-05-07 01:56:00
2026,5,7,2,26,,,,1.2,11,6.2,313,,,25.6,,,,,2026-05-07 02:26:00
2026,5,7,2,56,,,,1.1,11,5.8,325,,,25.6,,,,,2026-05-07 02:56:00
2026,5,7,3,26,,,,1.1,11,6.2,311,,,25.6,,,,,2026-05-07 03:26:00
2026,5,7,3,56,,,,1.1,11,6.0,328,,,25.6,,,,,2026-05-07 03:56:00
2026,5,7,4,26,,,,1.1,11,6.0,316,,,25.5,,,,,2026-05-07 04:26:00
2026,5,7,4,56,,,,1.0,11,6.0,332,,,25.6,,,,,2026-05-07 04:56:00
2026,5,7,5,26,,,,1.1,11,6.3,316,,,25.6,,,,,2026-05-07 05:26:00
2026,5,7,5,56,,,,1.0,11,6.1,324,,,25.6,,,,,2026-05-07 05:56:00
2026,5,7,6,26,,,,1.0,10,6.1,313,,,25.6,,,,,2026-05-07 06:26:00
2026,5,7,6,56,,,,1.1,10,6.3,327,,,25.6,,,,,2026-05-07 06:56:00
2026,5,7,7,26,,,,1.1,10,6.3,323,,,25.6,,,,,2026-05-07 07:26:00
2026,5,7,7,56,,,,1.1,10,6.6,328,,,25.6,,,,,2026-05-07 07:56:00
2026,5,7,8,26,,,,1.1,10,6.6,332,,,25.5,,,,,2026-05-07 08:26:00
2026,5,7,8,56,,,,1.2,10,6.9,324,,,25.5,,,,,2026-05-07 08:56:00
2026,5,7,9,26,,,,1.1,10,6.5,306,,,25.5,,,,,2026-05-07 09:26:00
2026,5,7,9,56,,,,1.1,10,6.7,321,,,25.5,,,,,2026-05-07 09:56:00
2026,5,7,10,26,,,,1.2,10,6.9,318,,,25.5,,,,,2026-05-07 10:26:00
2026,5,7,10,56,,,,1.2,10,6.8,331,,,25.5,,,,,2026-05-07 10:56:00
2026,5,7,11,26,,,,1.2,9,7.1,324,,,25.5,,,,,2026-05-07 11:26:00
2026,5,7,11,56,,,,1.1,10,6.9,320,,,25.4,,,,,2026-05-07 11:56:00
2026,5,7,12,26,,,,1.1,17,6.8,314,,,25.4,,,,,2026-05-07 12:26:00
2026,5,7,12,56,,,,1.1,17,7.0,306,,,25.4,,,,,2026-05-07 12:56:00
2026,5,7,13,26,,,,1.1,9,7.1,321,,,25.4,,,,,2026-05-07 13:26:00
2026,5,7,13,56,,,,1.1,9,7.2,320,,,25.3,,,,,2026-05-07 13:56:00
2026,5,7,14,26,,,,1.3,17,8.0,314,,,25.3,,,,,2026-05-07 14:26:00
2026,5,7,14,56,,,,1.2,17,7.2,300,,,25.3,,,,,2026-05-07 14:56:00
2026,5,7,15,26,,,,1.2,9,7.2,332,,,25.3,,,,,2026-05-07 15:26:00
2026,5,7,15,56,,,,1.3,17,7.5,307,,,25.3,,,,,2026-05-07 15:56:00
2026,5,7,16,26,,,,1.2,17,6.9,306,,,25.3,,,,,2026-05-07 16:26:00
2026,5,7,16,56,,,,1.2,15,6.8,306,,,25.3,,,,,2026-05-07 16:56:00
2026,5,7,17,26,,,,1.3,17,8.0,306,,,25.3,,,,,2026-05-07 17:26:00
2026,5,7,17,56,,,,1.3,17,7.5,296,,,25.4,,,,,2026-05-07 17:56:00
2026,5,7,18,26,,,,1.5,17,8.6,349,,,25.3,,,,,2026-05-07 18:26:00
2026,5,7,18,56,,,,1.4,17,8.0,310,,,25.3,,,,,2026-05-07 18:56:00
2026,5,7,19,26,,,,1.5,15,8.5,339,,,25.3,,,,,2026-05-07 19:26:00
2026,5,7,19,56,,,,1.5,15,7.8,310,,,25.3,,,,,2026-05-07 19:56:00
2026,5,7,20,26,,,,1.5,15,7.8,317,,,25.3,,,,,2026-05-07 20:26:00
2026,5,7,20,56,,,,1.5,17,7.6,342,,,25.3,,,,,2026-05-07 20:56:00
2026,5,7,21,26,,,,1.7,15,7.9,332,,,25.4,,,,,2026-05-07 21:26:00
2026,5,7,21,56,,,,1.6,11,7.6,331,,,25.4,,,,,2026-05-07 21:56:00
2026,5,7,22,26,,,,1.7,11,8.3,337,,,25.5,,,,,2026-05-07 22:26:00
2026,5,7,22,56,,,,2.1,10,8.6,345,,,25.5,,,,,2026-05-07 22:56:00
2026,5,7,23,26,,,,1.7,12,8.2,334,,,25.5,,,,,2026-05-07 23:26:00
2026,5,7,23,56,,,,2.1,14,8.7,313,,,25.5,,,,,2026-05-07 23:56:00
2026,5,8,0,26,,,,2.2,14,8.8,313,,,25.6,,,,,2026-05-08 00:26:00
2026,5,8,0,56,,,,2.1,14,8.8,335,,,25.6,,,,,2026-05-08 00:56:00
2026,5,8,1,26,,,,2.4,10,8.9,345,,,25.5,,,,,2026-05-08 01:26:00
2026,5,8,1,56,,,,2.3,11,8.7,334,,,25.5,,,,,2026-05-08 01:56:00
2026,5,8,2,26,,,,2.1,10,8.5,358,,,25.5,,,,,2026-05-08 02:26:00
2026,5,8,2,56,,,,2.1,11,8.7,337,,,25.5,,,,,2026-05-08 02:56:00
2026,5,8,3,26,,,,2.2,11,8.8,348,,,25.4,,,,,2026-05-08 03:26:00
2026,5,8,3,56,,,,2.2,15,8.7,302,,,25.4,,,,,2026-05-08 03:56:00
2026,5,8,4,26,,,,2.1,14,8.8,324,,,25.4,,,,,2026-05-08 04:26:00
2026,5,8,4,56,,,,2.3,11,9.2,324,,,25.4,,,,,2026-05-08 04:56:00
2026,5,8,5,26,,,,2.1,12,8.6,327,,,25.4,,,,,2026-05-08 05:26:00
2026,5,8,5,56,,,,2.2,14,8.9,307,,,25.4,,,,,2026-05-08 05:56:00
2026,5,8,6,26,,,,2.1,12,9.1,332,,,25.3,,,,,2026-05-08 06:26:00
2026,5,8,6,56,,,,2.3,10,9.2,331,,,25.3,,,,,2026-05-08 06:56:00
2026,5,8,7,26,,,,2.2,10,9.0,323,,,25.3,,,,,2026-05-08 07:26:00
2026,5,8,7,56,,,,2.2,14,9.2,309,,,25.3,,,,,2026-05-08 07:56:00
2026,5,8,8,26,,,,2.3,14,9.2,306,,,25.3,,,,,2026-05-08 08:26:00
2026,5,8,8,56,,,,2.1,11,8.8,324,,,25.3,,,,,2026-05-08 08:56:00
2026,5,8,9,26,,,,2.1,13,8.7,328,,,25.3,,,,,2026-05-08 09:26:00
2026,5,8,9,56,,,,2.1,13,9.0,318,,,25.3,,,,,2026-05-08 09:56:00
2026,5,8,10,26,,,,2.2,12,9.0,334,,,25.3,,,,,2026-05-08 10:26:00
2026,5,8,10,56,,,,2.3,11,9.2,323,,,25.3,,,,,2026-05-08 10:56:00
2026,5,8,11,26,,,,2.2,13,9.4,324,,,25.3,,,,,2026-05-08 11:26:00
2026,5,8,11,56,,,,2.1,11,9.4,324,,,25.2,,,,,2026-05-08 11:56:00
2026,5,8,12,26,,,,2.3,13,9.6,321,,,25.2,,,,,2026-05-08 12:26:00
2026,5,8,12,56,,,,2.3,13,9.8,328,,,25.2,,,,,2026-05-08 12:56:00
2026,5,8,13,26,,,,2.3,13,9.5,317,,,25.2,,,,,2026-05-08 13:26:00
2026,5,8,13,56,,,,2.3,11,9.3,324,,,25.2,,,,,2026-05-08 13:56:00
2026,5,8,14,26,,,,2.4,12,9.7,331,,,25.2,,,,,2026-05-08 14:26:00
2026,5,8,14,56,,,,2.3,12,9.3,328,,,25.2,,,,,2026-05-08 14:56:00
2026,5,8,15,26,,,,2.3,13,9.7,316,,,25.2,,,,,2026-05-08 15:26:00
2026,5,8,15,56,,,,2.2,13,9.4,325,,,25.2,,,,,2026-05-08 15:56:00
2026,5,8,16,26,,,,2.2,13,9.4,321,,,25.2,,,,,2026-05-08 16:26:00
2026,5,8,16,56,,,,2.2,14,9.5,318,,,25.2,,,,,2026-05-08 16:56:00
2026,5,8,17,26,,,,2.1,14,9.2,328,,,25.2,,,,,2026-05-08 17:26:00
2026,5,8,17,56,,,,2.1,13,9.5,318,,,25.2,,,,,2026-05-08 17:56:00
2026,5,8,18,26,,,,2.1,13,9.6,306,,,25.2,,,,,2026-05-08 18:26:00
2026,5,8,18,56,,,,2.0,14,9.5,328,,,25.2,,,,,2026-05-08 18:56:00
2026,5,8,19,26,,,,2.1,13,9.1,303,,,25.2,,,,,2026-05-08 19:26:00
2026,5,8,19,56,,,,2.0,13,9.0,311,,,25.2,,,,,2026-05-08 19:56:00
2026,5,8,20,26,,,,2.1,13,9.0,310,,,25.2,,,,,2026-05-08 20:26:00
2026,5,8,20,56,,,,2.1,14,9.2,318,,,25.2,,,,,2026-05-08 20:56:00
2026,5,8,21,26,,,,2.2,13,9.4,320,,,25.2,,,,,2026-05-08 21:26:00
2026,5,8,21,56,,,,2.0,13,8.9,310,,,25.2,,,,,2026-05-08 21:56:00
2026,5,8,22,26,,,,2.1,13,8.9,307,,,25.2,,,,,2026-05-08 22:26:00
2026,5,8,22,56,,,,2.1,11,8.7,321,,,25.2,,,,,2026-05-08 22:56:00
2026,5,8,23,26,,,,2.0,13,8.6,321,,,25.2,,,,,2026-05-08 23:26:00
2026,5,8,23,56,,,,1.9,10,8.1,332,,,25.2,,,,,2026-05-08 23:56:00
2026,5,9,0,26,,,,2.1,13,8.6,309,,,25.2,,,,,2026-05-09 00:26:00
2026,5,9,0,56,,,,1.9,13,8.3,330,,,25.2,,,,,2026-05-09 00:56:00
2026,5,9,1,26,,,,2.1,13,8.5,316,,,25.2,,,,,2026-05-09 01:26:00
2026,5,9,1,56,,,,2.0,12,8.1,321,,,25.2,,,,,2026-05-09 01:56:00
2026,5,9,2,26,,,,1.9,13,7.5,328,,,25.2,,,,,2026-05-09 02:26:00
2026,5,9,2,56,,,,1.9,13,7.8,320,,,25.2,,,,,2026-05-09 02:56:00
2026,5,9,3,26,,,,2.0,12,7.6,317,,,25.2,,,,,2026-05-09 03:26:00
2026,5,9,3,56,,,,1.7,11,7.2,324,,,25.2,,,,,2026-05-09 03:56:00
2026,5,9,4,26,,,,1.9,13,7.6,316,,,25.2,,,,,2026-05-09 04:26:00
2026,5,9,4,56,,,,1.8,13,7.2,321,,,25.2,,,,,2026-05-09 04:56:00
2026,5,9,5,26,,,,1.8,13,7.1,318,,,25.2,,,,,2026-05-09 05:26:00
2026,5,9,5,56,,,,1.7,13,6.8,316,,,25.1,,,,,2026-05-09 05:56:00
2026,5,9,6,26,,,,1.9,11,7.1,334,,,25.1,,,,,2026-05-09 06:26:00
2026,5,9,6,56,,,,1.7,12,6.6,318,,,25.1,,,,,2026-05-09 06:56:00
2026,5,9,7,26,,,,1.8,11,7.0,328,,,25.1,,,,,2026-05-09 07:26:00
2026,5,9,7,56,,,,1.8,13,6.8,320,,,25.1,,,,,2026-05-09 07:56:00
2026,5,9,8,26,,,,1.7,13,7.0,313,,,25.1,,,,,2026-05-09 08:26:00
2026,5,9,8,56,,,,1.7,12,6.8,304,,,25.1,,,,,2026-05-09 08:56:00
2026,5,9,9,26,,,,1.6,13,6.4,313,,,25.1,,,,,2026-05-09 09:26:00
2026,5,9,9,56,,,,1.6,11,6.6,311,,,25.1,,,,,2026-05-09 09:56:00
2026,5,9,10,26,,,,1.6,11,6.5,317,,,25.1,,,,,2026-05-09 10:26:00
2026,5,9,10,56,,,,1.6,12,6.2,335,,,25.1,,,,,2026-05-09 10:56:00
2026,5,9,11,26,,,,1.5,13,6.0,324,,,25.1,,,,,2026-05-09 11:26:00
2026,5,9,11,56,,,,1.6,12,6.4,313,,,25.2,,,,,2026-05-09 11:56:00
2026,5,9,12,26,,,,1.6,11,6.7,317,,,25.2,,,,,2026-05-09 12:26:00
2026,5,9,12,56,,,,1.7,12,6.7,320,,,25.2,,,,,2026-05-09 12:56:00
2026,5,9,13,26,,,,1.5,12,6.2,314,,,25.2,,,,,2026-05-09 13:26:00
2026,5,9,13,56,,,,1.5,11,6.6,334,,,25.1,,,,,2026-05-09 13:56:00
2026,5,9,14,26,,,,1.4,13,6.5,307,,,25.2,,,,,2026-05-09 14:26:00
2026,5,9,14,56,,,,1.7,11,7.0,327,,,25.2,,,,,2026-05-09 14:56:00
2026,5,9,15,26,,,,1.5,13,6.5,304,,,25.2,,,,,2026-05-09 15:26:00
2026,5,9,15,56,,,,1.7,11,6.6,320,,,25.2,,,,,2026-05-09 15:56:00
2026,5,9,16,26,,,,1.6,11,6.2,306,,,25.1,,,,,2026-05-09 16:26:00
2026,5,9,16,56,,,,1.6,11,6.3,321,,,25.2,,,,,2026-05-09 16:56:00
2026,5,9,17,26,,,,1.6,11,6.5,311,,,25.1,,,,,2026-05-09 17:26:00
2026,5,9,17,56,,,,1.7,11,6.5,323,,,25.1,,,,,2026-05-09 17:56:00
2026,5,9,18,26,,,,1.5,11,6.2,330,,,25.2,,,,,2026-05-09 18:26:00
2026,5,9,18,56,,,,1.6,10,6.2,317,,,25.2,,,,,2026-05-09 18:56:00
2026,5,9,19,26,,,,1.5,11,6.1,341,,,25.2,,,,,2026-05-09 19:26:00
2026,5,9,19,56,,,,1.6,12,6.1,276,,,25.2,,,,,2026-05-09 19:56:00
2026,5,9,20,26,,,,1.6,9,6.1,344,,,25.2,,,,,2026-05-09 20:26:00
2026,5,9,20,56,,,,1.6,11,6.0,19,,,25.2,,,,,2026-05-09 20:56:00
2026,5,9,21,26,,,,1.5,11,5.7,320,,,25.2,,,,,2026-05-09 21:26:00
2026,5,9,21,56,,,,1.6,6,5.6,23,,,25.3,,,,,2026-05-09 21:56:00
2026,5,9,22,26,,,,1.7,6,5.7,24,,,25.2,,,,,2026-05-09 22:26:00
2026,5,9,22,56,,,,1.7,10,5.6,342,,,25.2,,,,,2026-05-09 22:56:00
2026,5,9,23,26,,,,1.6,6,5.6,20,,,25.2,,,,,2026-05-09 23:26:00
2026,5,9,23,56,,,,1.7,6,5.8,17,,,25.2,,,,,2026-05-09 23:56:00
2026,5,10,0,26,,,,1.7,9,5.8,337,,,25.3,,,,,2026-05-10 00:26:00
2026,5,10,0,56,,,,1.6,11,5.4,332,,,25.2,,,,,2026-05-10 00:56:00
2026,5,10,1,26,,,,1.9,7,5.9,9,,,25.2,,,,,2026-05-10 01:26:00
2026,5,10,1,56,,,,1.7,7,5.5,17,,,25.2,,,,,2026-05-10 01:56:00
2026,5,10,2,26,,,,1.8,7,5.8,24,,,25.2,,,,,2026-05-10 02:26:00
2026,5,10,2,56,,,,1.9,7,5.8,29,,,25.2,,,,,2026-05-10 02:56:00
2026,5,10,3,26,,,,2.1,6,5.8,30,,,25.1,,,,,2026-05-10 03:26:00
2026,5,10,3,56,,,,1.9,6,5.6,26,,,25.1,,,,,2026-05-10 03:56:00
2026,5,10,4,26,,,,2.1,7,5.8,34,,,25.1,,,,,2026-05-10 04:26:00
2026,5,10,4,56,,,,1.9,7,6.0,26,,,25.1,,,,,2026-05-10 04:56:00
2026,5,10,5,26,,,,2.0,7,6.2,29,,,25.1,,,,,2026-05-10 05:26:00
2026,5,10,5,56,,,,1.9,7,6.2,32,,,25.1,,,,,2026-05-10 05:56:00
2026,5,10,6,26,,,,1.9,7,6.3,29,,,25.1,,,,,2026-05-10 06:26:00
2026,5,10,6,56,,,,2.0,7,6.0,26,,,25.1,,,,,2026-05-10 06:56:00
2026,5,10,7,26,,,,1.9,7,5.8,20,,,25.1,,,,,2026-05-10 07:26:00
2026,5,10,7,56,,,,2.1,7,5.9,29,,,25.1,,,,,2026-05-10 07:56:00
2026,5,10,8,26,,,,2.0,7,5.9,27,,,25.1,,,,,2026-05-10 08:26:00
2026,5,10,8,56,,,,2.0,7,6.0,33,,,25.1,,,,,2026-05-10 08:56:00
2026,5,10,9,26,,,,2.1,8,6.0,12,,,25.1,,,,,2026-05-10 09:26:00
2026,5,10,9,56,,,,2.0,8,6.0,20,,,25.1,,,,,2026-05-10 09:56:00
2026,5,10,10,26,,,,1.9,8,5.8,23,,,25.1,,,,,2026-05-10 10:26:00
2026,5,10,10,56,,,,1.8,7,5.8,27,,,25.1,,,,,2026-05-10 10:56:00
2026,5,10,11,26,,,,1.9,8,5.9,17,,,25.1,,,,,2026-05-10 11:26:00
2026,5,10,11,56,,,,1.9,8,6.0,19,,,25.1,,,,,2026-05-10 11:56:00
2026,5,10,12,26,,,,1.8,7,6.0,30,,,25.1,,,,,2026-05-10 12:26:00
2026,5,10,12,56,,,,2.0,7,6.2,26,,,25.1,,,,,2026-05-10 12:56:00
2026,5,10,13,26,,,,1.7,8,6.1,26,,,25.1,,,,,2026-05-10 13:26:00
2026,5,10,13,56,,,,1.7,7,6.4,24,,,25.1,,,,,2026-05-10 13:56:00
2026,5,10,14,26,,,,1.6,8,6.5,22,,,25.1,,,,,2026-05-10 14:26:00
2026,5,10,14,56,,,,1.7,8,6.4,22,,,25.1,,,,,2026-05-10 14:56:00
2026,5,10,15,26,,,,1.6,8,6.5,24,,,25.1,,,,,2026-05-10 15:26:00
2026,5,10,15,56,,,,1.6,8,6.4,23,,,25.0,,,,,2026-05-10 15:56:00
2026,5,10,16,26,,,,1.5,11,6.4,321,,,25.0,,,,,2026-05-10 16:26:00
2026,5,10,16,56,,,,1.6,7,6.3,19,,,25.0,,,,,2026-05-10 16:56:00
2026,5,10,17,26,,,,1.5,11,6.1,325,,,25.0,,,,,2026-05-10 17:26:00
2026,5,10,17,56,,,,1.6,11,6.5,328,,,25.1,,,,,2026-05-10 17:56:00
2026,5,10,18,26,,,,1.6,12,6.3,325,,,25.1,,,,,2026-05-10 18:26:00
2026,5,10,18,56,,,,1.5,11,6.3,331,,,25.1,,,,,2026-05-10 18:56:00
2026,5,10,19,26,,,,1.6,11,6.5,330,,,25.1,,,,,2026-05-10 19:26:00
2026,5,10,19,56,,,,1.5,11,6.4,332,,,25.1,,,,,2026-05-10 19:56:00
2026,5,10,20,26,,,,1.6,11,6.3,337,,,25.1,,,,,2026-05-10 20:26:00
2026,5,10,20,56,,,,1.7,11,6.5,334,,,25.1,,,,,2026-05-10 20:56:00
2026,5,10,21,26,,,,1.6,10,6.6,335,,,25.1,,,,,2026-05-10 21:26:00
2026,5,10,21,56,,,,1.6,12,6.3,331,,,25.1,,,,,2026-05-10 21:56:00
2026,5,10,22,26,,,,1.6,11,6.3,331,,,25.1,,,,,2026-05-10 22:26:00
2026,5,10,22,56,,,,1.6,10,6.5,337,,,25.1,,,,,2026-05-10 22:56:00
2026,5,10,23,26,,,,1.6,11,6.3,338,,,25.2,,,,,2026-05-10 23:26:00
2026,5,10,23,56,,,,1.5,10,6.6,337,,,25.2,,,,,2026-05-10 23:56:00
2026,5,11,0,26,,,,1.5,11,6.6,345,,,25.2,,,,,2026-05-11 00:26:00
2026,5,11,0,56,,,,1.6,10,6.8,334,,,25.2,,,,,2026-05-11 00:56:00
2026,5,11,1,26,,,,1.5,11,6.3,330,,,25.3,,,,,2026-05-11 01:26:00
2026,5,11,1,56,,,,1.5,10,6.3,334,,,25.2,,,,,2026-05-11 01:56:00
2026,5,11,2,26,,,,1.5,11,6.2,324,,,25.2,,,,,2026-05-11 02:26:00
2026,5,11,2,56,,,,1.5,9,6.0,335,,,25.2,,,,,2026-05-11 02:56:00
2026,5,11,3,26,,,,1.5,11,5.9,332,,,25.2,,,,,2026-05-11 03:26:00
2026,5,11,3,56,,,,1.6,11,6.3,337,,,25.3,,,,,2026-05-11 03:56:00
2026,5,11,4,26,,,,1.6,11,6.5,335,,,25.3,,,,,2026-05-11 04:26:00
2026,5,11,4,56,,,,1.5,11,6.0,328,,,25.3,,,,,2026-05-11 04:56:00
2026,5,11,5,26,,,,1.5,10,6.1,328,,,25.3,,,,,2026-05-11 05:26:00
2026,5,11,5,56,,,,1.5,11,5.8,334,,,25.3,,,,,2026-05-11 05:56:00
2026,5,11,6,26,,,,1.6,10,6.0,331,,,25.3,,,,,2026-05-11 06:26:00
2026,5,11,6,56,,,,1.5,11,5.6,334,,,25.2,,,,,2026-05-11 06:56:00
2026,5,11,7,26,,,,1.6,11,5.8,321,,,25.2,,,,,2026-05-11 07:26:00
2026,5,11,7,56,,,,1.6,10,6.0,324,,,25.2,,,,,2026-05-11 07:56:00
2026,5,11,8,26,,,,1.5,11,5.8,332,,,25.2,,,,,2026-05-11 08:26:00
2026,5,11,8,56,,,,1.6,13,6.1,330,,,25.1,,,,,2026-05-11 08:56:00
2026,5,11,9,26,,,,1.5,11,6.3,324,,,25.1,,,,,2026-05-11 09:26:00
2026,5,11,9,56,,,,1.5,10,6.0,338,,,25.1,,,,,2026-05-11 09:56:00
2026,5,11,10,26,,,,1.5,10,6.1,327,,,25.1,,,,,2026-05-11 10:26:00
2026,5,11,10,56,,,,1.5,10,6.1,331,,,25.1,,,,,2026-05-11 10:56:00
2026,5,11,11,26,,,,1.5,10,6.0,320,,,25.1,,,,,2026-05-11 11:26:00
2026,5,11,11,56,,,,1.5,10,6.1,330,,,25.1,,,,,2026-05-11 11:56:00
2026,5,11,12,26,,,,1.5,12,6.3,320,,,25.1,,,,,2026-05-11 12:26:00
2026,5,11,12,56,,,,1.5,13,6.3,330,,,25.1,,,,,2026-05-11 12:56:00
2026,5,11,13,26,,,,1.5,11,6.7,324,,,25.1,,,,,2026-05-11 13:26:00
2026,5,11,13,56,,,,1.5,11,6.6,332,,,25.1,,,,,2026-05-11 13:56:00
2026,5,11,14,26,,,,1.4,11,6.5,332,,,25.1,,,,,2026-05-11 14:26:00
2026,5,11,14,56,,,,1.5,10,6.5,327,,,25.1,,,,,2026-05-11 14:56:00
2026,5,11,15,26,,,,1.6,13,6.9,324,,,25.1,,,,,2026-05-11 15:26:00
2026,5,11,15,56,,,,1.5,11,6.4,328,,,25.1,,,,,2026-05-11 15:56:00
2026,5,11,16,26,,,,1.5,11,6.5,331,,,25.1,,,,,2026-05-11 16:26:00
2026,5,11,16,56,,,,1.4,11,6.3,320,,,25.1,,,,,2026-05-11 16:56:00
2026,5,11,17,26,,,,1.5,10,6.0,327,,,25.1,,,,,2026-05-11 17:26:00
2026,5,11,17,56,,,,1.5,10,6.4,328,,,25.1,,,,,2026-05-11 17:56:00
2026,5,11,18,26,,,,1.4,12,6.1,311,,,25.1,,,,,2026-05-11 18:26:00
2026,5,11,18,56,,,,1.5,13,6.2,323,,,25.1,,,,,2026-05-11 18:56:00
2026,5,11,19,26,,,,1.3,12,5.8,328,,,25.1,,,,,2026-05-11 19:26:00
2026,5,11,19,56,,,,1.4,12,5.9,318,,,25.1,,,,,2026-05-11 19:56:00
2026,5,11,20,26,,,,1.4,11,5.9,324,,,25.2,,,,,2026-05-11 20:26:00
2026,5,11,20,56,,,,1.4,12,5.8,317,,,25.2,,,,,2026-05-11 20:56:00
2026,5,11,21,26,,,,1.6,11,6.3,320,,,25.2,,,,,2026-05-11 21:26:00
2026,5,11,21,56,,,,1.5,12,5.9,314,,,25.2,,,,,2026-05-11 21:56:00
2026,5,11,22,26,,,,1.4,11,5.8,321,,,25.2,,,,,2026-05-11 22:26:00
2026,5,11,22,56,,,,1.4,11,5.8,330,,,25.2,,,,,2026-05-11 22:56:00
2026,5,11,23,26,,,,1.6,11,5.8,314,,,25.3,,,,,2026-05-11 23:26:00
2026,5,11,23,56,,,,1.6,11,6.0,323,,,25.3,,,,,2026-05-11 23:56:00
2026,5,12,0,26,,,,1.5,11,5.7,313,,,25.3,,,,,2026-05-12 00:26:00
2026,5,12,0,56,,,,1.5,12,5.8,320,,,25.3,,,,,2026-05-12 00:56:00
2026,5,12,1,26,,,,1.4,12,5.6,316,,,25.2,,,,,2026-05-12 01:26:00
2026,5,12,1,56,,,,1.5,11,5.7,328,,,25.2,,,,,2026-05-12 01:56:00
2026,5,12,2,26,,,,1.4,11,5.6,327,,,25.2,,,,,2026-05-12 02:26:00
2026,5,12,2,56,,,,1.5,11,5.6,321,,,25.2,,,,,2026-05-12 02:56:00
2026,5,12,3,26,,,,1.5,9,5.6,342,,,25.2,,,,,2026-05-12 03:26:00
2026,5,12,3,56,,,,1.5,11,5.5,318,,,25.2,,,,,2026-05-12 03:56:00
2026,5,12,4,26,,,,1.5,10,5.5,330,,,25.2,,,,,2026-05-12 04:26:00
2026,5,12,4,56,,,,1.5,11,5.5,332,,,25.2,,,,,2026-05-12 04:56:00
2026,5,12,5,26,,,,1.6,11,5.7,320,,,25.2,,,,,2026-05-12 05:26:00
2026,5,12,5,56,,,,1.4,7,5.5,1,,,25.1,,,,,2026-05-12 05:56:00
2026,5,12,6,26,,,,1.5,10,5.4,331,,,25.1,,,,,2026-05-12 06:26:00
2026,5,12,6,56,,,,1.5,11,5.5,307,,,25.1,,,,,2026-05-12 06:56:00
2026,5,12,7,26,,,,1.6,11,5.8,334,,,25.1,,,,,2026-05-12 07:26:00
2026,5,12,7,56,,,,1.6,7,5.8,9,,,25.1,,,,,2026-05-12 07:56:00
2026,5,12,8,26,,,,1.6,11,6.0,328,,,25.1,,,,,2026-05-12 08:26:00
2026,5,12,8,56,,,,1.6,7,6.1,358,,,25.1,,,,,2026-05-12 08:56:00
2026,5,12,9,26,,,,1.6,6,5.9,12,,,25.1,,,,,2026-05-12 09:26:00
2026,5,12,9,56,,,,1.6,7,6.0,1,,,25.1,,,,,2026-05-12 09:56:00
2026,5,12,10,26,,,,1.5,10,5.7,328,,,25.1,,,,,2026-05-12 10:26:00
2026,5,12,10,56,,,,1.7,10,5.8,331,,,25.2,,,,,2026-05-12 10:56:00
2026,5,12,11,26,,,,1.5,6,5.7,17,,,25.1,,,,,2026-05-12 11:26:00
2026,5,12,11,56,,,,1.6,10,6.0,338,,,25.2,,,,,2026-05-12 11:56:00
2026,5,12,12,26,,,,1.5,11,5.7,341,,,25.1,,,,,2026-05-12 12:26:00
2026,5,12,12,56,,,,1.5,11,5.9,323,,,25.1,,,,,2026-05-12 12:56:00
2026,5,12,13,26,,,,1.6,7,6.0,8,,,25.1,,,,,2026-05-12 13:26:00
2026,5,12,13,56,,,,1.5,11,5.9,334,,,25.1,,,,,2026-05-12 13:56:00
2026,5,12,14,26,,,,1.5,11,6.0,323,,,25.1,,,,,2026-05-12 14:26:00
2026,5,12,14,56,,,,1.4,7,5.7,5,,,25.1,,,,,2026-05-12 14:56:00
2026,5,12,15,26,,,,1.4,6,5.7,3,,,25.1,,,,,2026-05-12 15:26:00
2026,5,12,15,56,,,,1.4,10,5.9,339,,,25.1,,,,,2026-05-12 15:56:00
2026,5,12,16,26,,,,1.5,11,6.0,335,,,25.1,,,,,2026-05-12 16:26:00
2026,5,12,16,56,,,,1.6,11,5.8,330,,,25.1,,,,,2026-05-12 16:56:00
2026,5,12,17,26,,,,1.6,11,5.8,337,,,25.1,,,,,2026-05-12 17:26:00
2026,5,12,17,56,,,,1.5,11,5.9,332,,,25.1,,,,,2026-05-12 17:56:00
2026,5,12,18,26,,,,1.5,7,6.0,20,,,25.1,,,,,2026-05-12 18:26:00
2026,5,12,18,56,,,,1.5,11,6.1,323,,,25.1,,,,,2026-05-12 18:56:00
2026,5,12,19,26,,,,1.5,11,6.0,337,,,25.1,,,,,2026-05-12 19:26:00
2026,5,12,19,56,,,,1.5,11,5.8,335,,,25.2,,,,,2026-05-12 19:56:00
2026,5,12,20,26,,,,1.5,7,5.4,19,,,25.2,,,,,2026-05-12 20:26:00
2026,5,12,20,56,,,,1.5,7,5.6,23,,,25.2,,,,,2026-05-12 20:56:00
2026,5,12,21,26,,,,1.4,11,5.5,332,,,25.2,,,,,2026-05-12 21:26:00
2026,5,12,21,56,,,,1.5,7,5.4,22,,,25.2,,,,,2026-05-12 21:56:00
2026,5,12,22,26,,,,1.5,11,5.5,335,,,25.2,,,,,2026-05-12 22:26:00
2026,5,12,22,56,,,,1.6,11,5.6,332,,,25.2,,,,,2026-05-12 22:56:00
2026,5,12,23,26,,,,1.5,10,5.4,328,,,25.3,,,,,2026-05-12 23:26:00
2026,5,12,23,56,,,,1.5,6,5.2,34,,,25.2,,,,,2026-05-12 23:56:00
2026,5,13,0,26,,,,1.5,11,5.4,325,,,25.2,,,,,2026-05-13 00:26:00
2026,5,13,0,56,,,,1.5,11,5.3,337,,,25.3,,,,,2026-05-13 00:56:00
2026,5,13,1,26,,,,1.4,11,5.2,331,,,25.2,,,,,2026-05-13 01:26:00
2026,5,13,1,56,,,,1.5,10,5.5,351,,,25.3,,,,,2026-05-13 01:56:00
2026,5,13,2,26,,,,1.5,10,5.4,338,,,25.2,,,,,2026-05-13 02:26:00
2026,5,13,2,56,,,,1.4,10,5.2,341,,,25.2,,,,,2026-05-13 02:56:00
2026,5,13,3,26,,,,1.5,11,5.7,335,,,25.2,,,,,2026-05-13 03:26:00
2026,5,13,3,56,,,,1.4,10,5.4,351,,,25.2,,,,,2026-05-13 03:56:00
2026,5,13,4,26,,,,1.4,7,5.4,26,,,25.2,,,,,2026-05-13 04:26:00
2026,5,13,4,56,,,,1.5,10,5.6,338,,,25.2,,,,,2026-05-13 04:56:00
2026,5,13,5,26,,,,1.6,10,5.9,338,,,25.2,,,,,2026-05-13 05:26:00
2026,5,13,5,56,,,,1.4,7,5.3,37,,,25.2,,,,,2026-05-13 05:56:00
2026,5,13,6,26,,,,1.5,7,5.5,53,,,25.1,,,,,2026-05-13 06:26:00
2026,5,13,6,56,,,,1.5,7,5.5,41,,,25.1,,,,,2026-05-13 06:56:00
2026,5,13,7,26,,,,1.5,10,5.4,335,,,25.2,,,,,2026-05-13 07:26:00
2026,5,13,7,56,,,,1.5,7,5.6,39,,,25.2,,,,,2026-05-13 07:56:00
2026,5,13,8,26,,,,1.5,7,5.6,29,,,25.1,,,,,2026-05-13 08:26:00
2026,5,13,8,56,,,,1.4,7,5.4,24,,,25.1,,,,,2026-05-13 08:56:00
2026,5,13,9,26,,,,1.3,10,5.4,337,,,25.1,,,,,2026-05-13 09:26:00
2026,5,13,9,56,,,,1.3,7,5.5,24,,,25.1,,,,,2026-05-13 09:56:00
2026,5,13,10,26,,,,1.3,6,5.5,43,,,25.2,,,,,2026-05-13 10:26:00
2026,5,13,10,56,,,,1.3,7,5.5,33,,,25.1,,,,,2026-05-13 10:56:00
2026,5,13,11,26,,,,1.4,6,5.5,37,,,25.1,,,,,2026-05-13 11:26:00
2026,5,13,11,56,,,,1.3,9,5.3,347,,,25.1,,,,,2026-05-13 11:56:00
2026,5,13,12,26,,,,1.4,10,5.4,341,,,25.1,,,,,2026-05-13 12:26:00
2026,5,13,12,56,,,,1.4,7,5.4,23,,,25.2,,,,,2026-05-13 12:56:00
2026,5,13,13,26,,,,1.4,6,5.5,22,,,25.2,,,,,2026-05-13 13:26:00
2026,5,13,13,56,,,,1.3,7,5.4,33,,,25.1,,,,,2026-05-13 13:56:00
2026,5,13,14,26,,,,1.4,6,5.5,24,,,25.1,,,,,2026-05-13 14:26:00
2026,5,13,14,56,,,,1.4,7,5.5,27,,,25.1,,,,,2026-05-13 14:56:00
2026,5,13,15,26,,,,1.5,7,5.6,29,,,25.1,,,,,2026-05-13 15:26:00
2026,5,13,15,56,,,,1.5,7,5.6,29,,,25.1,,,,,2026-05-13 15:56:00
2026,5,13,16,26,,,,1.5,7,5.8,40,,,25.1,,,,,2026-05-13 16:26:00
2026,5,13,16,56,,,,1.4,7,5.6,40,,,25.1,,,,,2026-05-13 16:56:00
2026,5,13,17,26,,,,1.5,10,5.9,356,,,25.1,,,,,2026-05-13 17:26:00
2026,5,13,17,56,,,,1.4,7,5.5,30,,,25.1,,,,,2026-05-13 17:56:00
2026,5,13,18,26,,,,1.6,7,5.7,41,,,25.2,,,,,2026-05-13 18:26:00
2026,5,13,18,56,,,,1.5,7,5.5,32,,,25.1,,,,,2026-05-13 18:56:00
2026,5,13,19,26,,,,1.5,7,5.5,37,,,25.2,,,,,2026-05-13 19:26:00
2026,5,13,19,56,,,,1.5,11,5.4,352,,,25.2,,,,,2026-05-13 19:56:00
2026,5,13,20,26,,,,1.4,7,5.3,33,,,25.2,,,,,2026-05-13 20:26:00
2026,5,13,20,56,,,,1.4,7,5.4,33,,,25.2,,,,,2026-05-13 20:56:00
2026,5,13,21,26,,,,1.3,7,5.1,29,,,25.2,,,,,2026-05-13 21:26:00
2026,5,13,21,56,,,,1.3,6,5.1,27,,,25.2,,,,,2026-05-13 21:56:00
2026,5,13,22,26,,,,1.4,7,5.0,27,,,25.2,,,,,2026-05-13 22:26:00
2026,5,13,22,56,,,,1.4,6,5.0,36,,,25.2,,,,,2026-05-13 22:56:00
2026,5,13,23,26,,,,1.4,7,5.1,29,,,25.2,,,,,2026-05-13 23:26:00
2026,5,13,23,56,,,,1.4,7,5.1,33,,,25.2,,,,,2026-05-13 23:56:00
2026,5,14,0,26,,,,1.4,7,5.1,32,,,25.2,,,,,2026-05-14 00:26:00
2026,5,14,0,56,,,,1.4,7,5.0,24,,,25.2,,,,,2026-05-14 00:56:00
2026,5,14,1,26,,,,1.5,6,5.0,30,,,25.2,,,,,2026-05-14 01:26:00
2026,5,14,1,56,,,,1.5,6,5.1,24,,,25.2,,,,,2026-05-14 01:56:00
2026,5,14,2,26,,,,1.4,10,5.1,355,,,25.2,,,,,2026-05-14 02:26:00
2026,5,14,2,56,,,,1.5,7,5.3,36,,,25.2,,,,,2026-05-14 02:56:00
2026,5,14,3,26,,,,1.4,9,5.2,356,,,25.2,,,,,2026-05-14 03:26:00
2026,5,14,3,56,,,,1.4,7,5.3,26,,,25.2,,,,,2026-05-14 03:56:00
2026,5,14,4,26,,,,1.4,7,5.2,26,,,25.1,,,,,2026-05-14 04:26:00
2026,5,14,4,56,,,,1.3,6,5.4,33,,,25.2,,,,,2026-05-14 04:56:00
2026,5,14,5,26,,,,1.3,8,5.6,13,,,25.2,,,,,2026-05-14 05:26:00
2026,5,14,5,56,,,,1.3,7,5.6,20,,,25.2,,,,,2026-05-14 05:56:00
2026,5,14,6,26,,,,1.3,7,5.7,26,,,25.2,,,,,2026-05-14 06:26:00
2026,5,14,6,56,,,,1.3,7,5.7,23,,,25.2,,,,,2026-05-14 06:56:00
2026,5,14,7,26,,,,1.4,7,5.5,22,,,25.2,,,,,2026-05-14 07:26:00
2026,5,14,7,56,,,,1.4,7,5.6,32,,,25.2,,,,,2026-05-14 07:56:00
2026,5,14,8,26,,,,1.5,7,5.6,26,,,25.2,,,,,2026-05-14 08:26:00
2026,5,14,8,56,,,,1.4,7,5.4,33,,,25.2,,,,,2026-05-14 08:56:00
2026,5,14,9,26,,,,1.5,7,5.6,36,,,25.2,,,,,2026-05-14 09:26:00
2026,5,14,9,56,,,,1.4,7,5.6,39,,,25.2,,,,,2026-05-14 09:56:00
2026,5,14,10,26,,,,1.5,17,5.6,327,,,25.2,,,,,2026-05-14 10:26:00
2026,5,14,10,56,,,,1.4,7,5.5,32,,,25.2,,,,,2026-05-14 10:56:00
2026,5,14,11,26,,,,1.4,17,5.8,325,,,25.2,,,,,2026-05-14 11:26:00
2026,5,14,11,56,,,,1.4,17,5.7,327,,,25.1,,,,,2026-05-14 11:56:00
2026,5,14,12,26,,,,1.4,17,5.8,321,,,25.1,,,,,2026-05-14 12:26:00
2026,5,14,12,56,,,,1.3,15,5.5,335,,,25.1,,,,,2026-05-14 12:56:00
2026,5,14,13,26,,,,1.4,17,6.3,320,,,25.1,,,,,2026-05-14 13:26:00
2026,5,14,13,56,,,,1.3,15,5.6,307,,,25.1,,,,,2026-05-14 13:56:00
2026,5,14,14,26,,,,1.4,15,6.3,316,,,25.1,,,,,2026-05-14 14:26:00
2026,5,14,14,56,,,,1.6,15,6.6,323,,,25.1,,,,,2026-05-14 14:56:00
2026,5,14,15,26,,,,1.6,15,6.5,332,,,25.1,,,,,2026-05-14 15:26:00
2026,5,14,15,56,,,,1.6,15,6.8,325,,,25.1,,,,,2026-05-14 15:56:00
2026,5,14,16,26,,,,1.6,15,7.0,320,,,25.1,,,,,2026-05-14 16:26:00
2026,5,14,16,56,,,,1.6,15,6.4,338,,,25.1,,,,,2026-05-14 16:56:00
2026,5,14,17,26,,,,1.7,15,6.9,331,,,25.1,,,,,2026-05-14 17:26:00
2026,5,14,17,56,,,,1.6,15,6.7,316,,,25.2,,,,,2026-05-14 17:56:00
2026,5,14,18,26,,,,1.6,15,6.7,330,,,25.2,,,,,2026-05-14 18:26:00
2026,5,14,18,56,,,,1.6,15,6.5,320,,,25.2,,,,,2026-05-14 18:56:00
2026,5,14,19,26,,,,1.7,14,6.8,324,,,25.2,,,,,2026-05-14 19:26:00
2026,5,14,19,56,,,,1.7,15,6.8,332,,,25.2,,,,,2026-05-14 19:56:00
2026,5,14,20,26,,,,1.6,15,6.8,331,,,25.2,,,,,2026-05-14 20:26:00
2026,5,14,20,56,,,,1.7,14,6.8,330,,,25.2,,,,,2026-05-14 20:56:00
2026,5,14,21,26,,,,1.7,14,6.8,328,,,25.2,,,,,2026-05-14 21:26:00
2026,5,14,21,56,,,,1.6,14,7.1,335,,,25.3,,,,,2026-05-14 21:56:00
2026,5,14,22,26,,,,1.7,15,7.2,327,,,25.2,,,,,2026-05-14 22:26:00
2026,5,14,22,56,,,,1.7,14,7.2,327,,,25.3,,,,,2026-05-14 22:56:00
2026,5,14,23,26,,,,1.8,14,7.1,332,,,25.3,,,,,2026-05-14 23:26:00
2026,5,14,23,56,,,,1.7,15,6.8,328,,,25.3,,,,,2026-05-14 23:56:00
2026,5,15,0,26,,,,1.7,14,7.5,317,,,25.3,,,,,2026-05-15 00:26:00
2026,5,15,0,56,,,,1.7,14,7.1,323,,,25.3,,,,,2026-05-15 00:56:00
2026,5,15,1,26,,,,1.7,14,7.2,318,,,25.3,,,,,2026-05-15 01:26:00
2026,5,15,1,56,,,,1.6,14,6.8,323,,,25.3,,,,,2026-05-15 01:56:00
2026,5,15,2,26,,,,1.8,14,7.0,317,,,25.3,,,,,2026-05-15 02:26:00
2026,5,15,2,56,,,,1.7,14,6.6,318,,,25.3,,,,,2026-05-15 02:56:00
2026,5,15,3,26,,,,1.7,14,6.8,328,,,25.2,,,,,2026-05-15 03:26:00
2026,5,15,3,56,,,,1.6,14,6.7,328,,,25.2,,,,,2026-05-15 03:56:00
2026,5,15,4,26,,,,1.7,14,8.0,324,,,25.2,,,,,2026-05-15 04:26:00
2026,5,15,4,56,,,,1.7,14,7.7,332,,,25.2,,,,,2026-05-15 04:56:00
2026,5,15,5,26,,,,1.6,14,7.3,331,,,25.2,,,,,2026-05-15 05:26:00
2026,5,15,5,56,,,,1.8,14,8.2,334,,,25.2,,,,,2026-05-15 05:56:00
2026,5,15,6,26,,,,1.6,14,8.0,330,,,25.2,,,,,2026-05-15 06:26:00
2026,5,15,6,56,,,,1.8,14,8.6,337,,,25.2,,,,,2026-05-15 06:56:00
2026,5,15,7,26,,,,1.6,14,7.7,328,,,25.2,,,,,2026-05-15 07:26:00
2026,5,15,7,56,,,,1.6,14,7.6,332,,,25.2,,,,,2026-05-15 07:56:00
2026,5,15,8,26,,,,1.7,14,7.8,330,,,25.2,,,,,2026-05-15 08:26:00
2026,5,15,8,56,,,,1.7,14,8.1,332,,,25.2,,,,,2026-05-15 08:56:00
2026,5,15,9,26,,,,1.6,14,7.6,330,,,25.2,,,,,2026-05-15 09:26:00
2026,5,15,9,56,,,,1.6,14,7.5,328,,,25.2,,,,,2026-05-15 09:56:00
2026,5,15,10,26,,,,1.7,13,7.3,328,,,25.2,,,,,2026-05-15 10:26:00
2026,5,15,10,56,,,,1.7,14,7.6,324,,,25.2,,,,,2026-05-15 10:56:00
2026,5,15,11,26,,,,1.6,13,7.4,318,,,25.2,,,,,2026-05-15 11:26:00
2026,5,15,11,56,,,,1.6,13,7.2,316,,,25.2,,,,,2026-05-15 11:56:00
2026,5,15,12,26,,,,1.7,13,7.4,314,,,25.2,,,,,2026-05-15 12:26:00
2026,5,15,12,56,,,,1.6,14,7.2,327,,,25.2,,,,,2026-05-15 12:56:00
2026,5,15,13,26,,,,1.6,14,7.5,321,,,25.2,,,,,2026-05-15 13:26:00
2026,5,15,13,56,,,,1.6,13,7.5,320,,,25.2,,,,,2026-05-15 13:56:00
2026,5,15,14,26,,,,1.5,13,7.3,328,,,25.2,,,,,2026-05-15 14:26:00
2026,5,15,14,56,,,,1.5,13,7.7,331,,,25.2,,,,,2026-05-15 14:56:00
2026,5,15,15,26,,,,1.5,14,7.7,328,,,25.2,,,,,2026-05-15 15:26:00
2026,5,15,15,56,,,,1.6,13,8.0,334,,,25.2,,,,,2026-05-15 15:56:00
2026,5,15,16,26,,,,1.6,13,8.3,325,,,25.2,,,,,2026-05-15 16:26:00
2026,5,15,16,56,,,,1.6,13,8.4,325,,,25.2,,,,,2026-05-15 16:56:00
2026,5,15,17,26,,,,1.5,13,8.4,334,,,25.2,,,,,2026-05-15 17:26:00
2026,5,15,17,56,,,,1.6,13,8.8,332,,,25.3,,,,,2026-05-15 17:56:00
2026,5,15,18,26,,,,1.4,13,8.1,334,,,25.4,,,,,2026-05-15 18:26:00
2026,5,15,18,56,,,,1.5,13,7.7,330,,,25.5,,,,,2026-05-15 18:56:00
2026,5,15,19,26,,,,1.6,8,7.7,34,,,25.4,,,,,2026-05-15 19:26:00
2026,5,15,19,56,,,,1.8,13,8.1,331,,,25.5,,,,,2026-05-15 19:56:00
2026,5,15,20,26,,,,1.6,13,7.7,330,,,25.7,,,,,2026-05-15 20:26:00
2026,5,15,20,56,,,,1.6,13,7.5,327,,,25.6,,,,,2026-05-15 20:56:00
2026,5,15,21,26,,,,1.6,13,7.6,327,,,25.8,,,,,2026-05-15 21:26:00
2026,5,15,21,56,,,,1.6,12,8.0,328,,,25.8,,,,,2026-05-15 21:56:00
2026,5,15,22,26,,,,1.8,13,8.3,321,,,25.9,,,,,2026-05-15 22:26:00
2026,5,15,22,56,,,,1.6,13,7.4,316,,,25.6,,,,,2026-05-15 22:56:00
2026,5,15,23,56,,,,1.6,12,6.7,313,,,25.6,,,,,2026-05-15 23:56:00
2026,5,16,0,26,,,,1.7,13,6.7,320,,,25.5,,,,,2026-05-16 00:26:00
2026,5,16,0,56,,,,1.7,8,6.2,24,,,25.5,,,,,2026-05-16 00:56:00
2026,5,16,1,26,,,,1.8,8,6.6,15,,,25.4,,,,,2026-05-16 01:26:00
2026,5,16,1,56,,,,1.8,13,6.8,310,,,25.4,,,,,2026-05-16 01:56:00
2026,5,16,2,26,,,,1.7,13,6.3,342,,,25.3,,,,,2026-05-16 02:26:00
2026,5,16,2,56,,,,1.7,12,6.6,321,,,25.3,,,,,2026-05-16 02:56:00
2026,5,16,3,26,,,,1.6,13,6.5,321,,,25.3,,,,,2026-05-16 03:26:00
2026,5,16,3,56,,,,1.7,13,6.8,324,,,25.3,,,,,2026-05-16 03:56:00
2026,5,16,4,26,,,,1.5,13,6.5,325,,,25.3,,,,,2026-05-16 04:26:00
2026,5,16,4,56,,,,1.5,13,6.5,320,,,25.3,,,,,2026-05-16 04:56:00
2026,5,16,5,26,,,,1.6,13,6.7,327,,,25.4,,,,,2026-05-16 05:26:00
2026,5,16,5,56,,,,1.5,12,6.8,328,,,25.4,,,,,2026-05-16 05:56:00
2026,5,16,6,26,,,,1.4,13,6.2,327,,,25.4,,,,,2026-05-16 06:26:00
2026,5,16,6,56,,,,1.3,13,6.5,323,,,25.4,,,,,2026-05-16 06:56:00
2026,5,16,7,26,,,,1.4,13,7.1,332,,,25.4,,,,,2026-05-16 07:26:00
2026,5,16,7,56,,,,1.3,12,6.8,330,,,25.4,,,,,2026-05-16 07:56:00
2026,5,16,8,26,,,,1.4,11,7.0,330,,,25.4,,,,,2026-05-16 08:26:00
2026,5,16,8,56,,,,1.6,7,6.9,27,,,25.4,,,,,2026-05-16 08:56:00
2026,5,16,9,26,,,,1.5,12,7.2,330,,,25.4,,,,,2026-05-16 09:26:00
2026,5,16,9,56,,,,1.4,11,6.8,331,,,25.4,,,,,2026-05-16 09:56:00
2026,5,16,10,26,,,,1.4,13,6.8,332,,,25.4,,,,,2026-05-16 10:26:00
2026,5,16,10,56,,,,1.5,12,7.0,328,,,25.4,,,,,2026-05-16 10:56:00
2026,5,16,11,26,,,,1.5,12,6.8,330,,,25.4,,,,,2026-05-16 11:26:00
2026,5,16,11,56,,,,1.5,12,7.2,328,,,25.4,,,,,2026-05-16 11:56:00
2026,5,16,12,26,,,,1.4,12,6.9,321,,,25.4,,,,,2026-05-16 12:26:00
2026,5,16,12,56,,,,1.3,11,6.7,328,,,25.4,,,,,2026-05-16 12:56:00
2026,5,16,13,26,,,,1.4,11,6.7,331,,,25.4,,,,,2026-05-16 13:26:00
2026,5,16,13,56,,,,1.4,12,6.7,331,,,25.4,,,,,2026-05-16 13:56:00
2026,5,16,14,26,,,,1.4,12,6.2,325,,,25.4,,,,,2026-05-16 14:26:00
2026,5,16,14,56,,,,1.4,12,6.5,330,,,25.4,,,,,2026-05-16 14:56:00
2026,5,16,15,26,,,,1.4,12,6.1,307,,,25.4,,,,,2026-05-16 15:26:00
2026,5,16,15,56,,,,1.4,11,6.2,327,,,25.4,,,,,2026-05-16 15:56:00
2026,5,16,16,26,,,,1.5,12,6.4,318,,,25.4,,,,,2026-05-16 16:26:00
2026,5,16,16,56,,,,1.4,11,6.2,323,,,25.4,,,,,2026-05-16 16:56:00
2026,5,16,17,26,,,,1.6,12,6.6,328,,,25.4,,,,,2026-05-16 17:26:00
2026,5,16,17,56,,,,1.5,8,6.5,32,,,25.4,,,,,2026-05-16 17:56:00
2026,5,16,18,26,,,,1.5,12,6.5,338,,,25.5,,,,,2026-05-16 18:26:00
2026,5,16,18,56,,,,1.3,11,6.3,341,,,25.5,,,,,2026-05-16 18:56:00
2026,5,16,19,26,,,,1.4,8,6.2,26,,,25.5,,,,,2026-05-16 19:26:00
2026,5,16,19,56,,,,1.5,8,6.3,33,,,25.5,,,,,2026-05-16 19:56:00
2026,5,16,20,26,,,,1.5,8,6.3,41,,,25.6,,,,,2026-05-16 20:26:00
2026,5,16,20,56,,,,1.5,12,6.3,339,,,25.6,,,,,2026-05-16 20:56:00
2026,5,16,21,26,,,,1.5,8,6.1,40,,,25.6,,,,,2026-05-16 21:26:00
2026,5,16,21,56,,,,1.6,8,6.3,39,,,25.6,,,,,2026-05-16 21:56:00
2026,5,16,22,26,,,,1.6,11,6.3,330,,,25.7,,,,,2026-05-16 22:26:00
2026,5,16,22,56,,,,1.5,7,5.9,29,,,25.7,,,,,2026-05-16 22:56:00
2026,5,16,23,26,,,,1.4,11,6.0,345,,,25.7,,,,,2026-05-16 23:26:00
2026,5,16,23,56,,,,1.5,7,5.7,23,,,25.7,,,,,2026-05-16 23:56:00
2026,5,17,0,26,,,,1.5,8,5.6,26,,,25.7,,,,,2026-05-17 00:26:00
2026,5,17,0,56,,,,1.5,8,5.5,32,,,25.8,,,,,2026-05-17 00:56:00
2026,5,17,1,26,,,,1.5,8,5.5,37,,,25.8,,,,,2026-05-17 01:26:00
2026,5,17,1,56,,,,1.4,7,5.7,29,,,25.8,,,,,2026-05-17 01:56:00
2026,5,17,2,26,,,,1.4,8,5.7,26,,,25.8,,,,,2026-05-17 02:26:00
2026,5,17,2,56,,,,1.4,11,5.8,332,,,25.8,,,,,2026-05-17 02:56:00
2026,5,17,3,26,,,,1.4,8,5.5,27,,,25.8,,,,,2026-05-17 03:26:00
2026,5,17,3,56,,,,1.4,8,5.5,20,,,25.7,,,,,2026-05-17 03:56:00
2026,5,17,4,26,,,,1.4,8,5.5,37,,,25.7,,,,,2026-05-17 04:26:00
2026,5,17,4,56,,,,1.3,12,5.3,335,,,25.7,,,,,2026-05-17 04:56:00
2026,5,17,5,26,,,,1.3,11,5.3,331,,,25.7,,,,,2026-05-17 05:26:00
2026,5,17,5,56,,,,1.4,12,5.5,339,,,25.6,,,,,2026-05-17 05:56:00
2026,5,17,6,26,,,,1.4,8,5.8,32,,,25.6,,,,,2026-05-17 06:26:00
2026,5,17,6,56,,,,1.3,8,5.7,29,,,25.6,,,,,2026-05-17 06:56:00
2026,5,17,7,26,,,,1.2,11,6.0,327,,,25.6,,,,,2026-05-17 07:26:00
2026,5,17,7,56,,,,1.2,7,6.2,27,,,25.6,,,,,2026-05-17 07:56:00
2026,5,17,8,26,,,,1.2,11,6.1,328,,,25.6,,,,,2026-05-17 08:26:00
2026,5,17,8,56,,,,1.2,8,6.2,32,,,25.6,,,,,2026-05-17 08:56:00
2026,5,17,9,26,,,,1.3,9,6.7,24,,,25.6,,,,,2026-05-17 09:26:00
2026,5,17,9,56,,,,1.3,9,6.6,34,,,25.6,,,,,2026-05-17 09:56:00
2026,5,17,10,26,,,,1.3,8,6.4,36,,,25.6,,,,,2026-05-17 10:26:00
2026,5,17,10,56,,,,1.3,8,6.4,37,,,25.6,,,,,2026-05-17 10:56:00
2026,5,17,11,26,,,,1.2,9,6.5,33,,,25.6,,,,,2026-05-17 11:26:00
2026,5,17,11,56,,,,1.4,11,6.7,338,,,25.6,,,,,2026-05-17 11:56:00
2026,5,17,12,26,,,,1.3,11,6.1,335,,,25.5,,,,,2026-05-17 12:26:00
2026,5,17,12,56,,,,1.3,9,6.1,19,,,25.5,,,,,2026-05-17 12:56:00
2026,5,17,13,26,,,,1.3,9,6.2,24,,,25.5,,,,,2026-05-17 13:26:00
2026,5,17,13,56,,,,1.3,11,6.0,327,,,25.5,,,,,2026-05-17 13:56:00
2026,5,17,14,26,,,,1.3,8,5.8,37,,,25.5,,,,,2026-05-17 14:26:00
2026,5,17,14,56,,,,1.3,11,5.7,338,,,25.5,,,,,2026-05-17 14:56:00
2026,5,17,15,26,,,,1.1,8,5.7,34,,,25.5,,,,,2026-05-17 15:26:00
2026,5,17,15,56,,,,1.2,11,5.9,337,,,25.5,,,,,2026-05-17 15:56:00
2026,5,17,16,26,,,,1.3,11,6.0,335,,,25.5,,,,,2026-05-17 16:26:00
2026,5,17,16,56,,,,1.2,10,5.8,331,,,25.5,,,,,2026-05-17 16:56:00
2026,5,17,17,26,,,,1.2,11,5.8,337,,,25.5,,,,,2026-05-17 17:26:00
2026,5,17,17,56,,,,1.1,11,5.8,342,,,25.5,,,,,2026-05-17 17:56:00
2026,5,17,18,26,,,,1.2,10,6.3,356,,,25.5,,,,,2026-05-17 18:26:00
2026,5,17,18,56,,,,1.1,9,6.2,24,,,25.5,,,,,2026-05-17 18:56:00
2026,5,17,19,26,,,,1.1,10,6.4,344,,,25.5,,,,,2026-05-17 19:26:00
2026,5,17,19,56,,,,1.1,10,6.0,347,,,25.6,,,,,2026-05-17 19:56:00
2026,5,17,20,26,,,,1.2,10,6.4,2,,,25.5,,,,,2026-05-17 20:26:00
2026,5,17,20,56,,,,1.4,8,6.5,36,,,25.6,,,,,2026-05-17 20:56:00
2026,5,17,21,26,,,,1.4,8,6.2,40,,,25.7,,,,,2026-05-17 21:26:00
2026,5,17,21,56,,,,1.4,10,6.5,22,,,25.7,,,,,2026-05-17 21:56:00
2026,5,17,22,26,,,,1.4,9,6.3,46,,,25.7,,,,,2026-05-17 22:26:00
2026,5,17,22,56,,,,1.4,8,6.2,53,,,25.7,,,,,2026-05-17 22:56:00
2026,5,17,23,26,,,,1.4,9,6.2,40,,,25.7,,,,,2026-05-17 23:26:00
2026,5,17,23,56,,,,1.4,9,5.7,40,,,25.6,,,,,2026-05-17 23:56:00
2026,5,18,0,26,,,,1.4,9,5.8,29,,,25.7,,,,,2026-05-18 00:26:00
2026,5,18,0,56,,,,1.4,9,5.7,48,,,25.6,,,,,2026-05-18 00:56:00
2026,5,18,1,26,,,,1.4,9,5.5,43,,,25.7,,,,,2026-05-18 01:26:00
2026,5,18,1,56,,,,1.3,9,5.6,47,,,25.9,,,,,2026-05-18 01:56:00
2026,5,18,2,26,,,,1.3,8,5.7,36,,,26.0,,,,,2026-05-18 02:26:00
2026,5,18,2,56,,,,1.3,9,5.2,34,,,25.9,,,,,2026-05-18 02:56:00
2026,5,18,3,26,,,,1.4,8,5.2,41,,,25.8,,,,,2026-05-18 03:26:00
2026,5,18,3,56,,,,1.3,9,5.3,33,,,25.7,,,,,2026-05-18 03:56:00
2026,5,18,4,26,,,,1.3,8,5.3,34,,,25.7,,,,,2026-05-18 04:26:00
2026,5,18,4,56,,,,1.3,8,5.1,33,,,25.6,,,,,2026-05-18 04:56:00
2026,5,18,5,26,,,,1.3,8,5.2,43,,,25.6,,,,,2026-05-18 05:26:00
2026,5,18,5,56,,,,1.3,7,5.2,37,,,25.6,,,,,2026-05-18 05:56:00
2026,5,18,6,26,,,,1.4,8,5.0,41,,,25.7,,,,,2026-05-18 06:26:00
2026,5,18,6,56,,,,1.3,8,5.2,37,,,25.7,,,,,2026-05-18 06:56:00
2026,5,18,7,26,,,,1.2,9,5.4,29,,,25.7,,,,,2026-05-18 07:26:00
2026,5,18,7,56,,,,1.1,8,5.5,32,,,25.8,,,,,2026-05-18 07:56:00
2026,5,18,8,26,,,,1.0,6,5.5,30,,,25.8,,,,,2026-05-18 08:26:00
2026,5,18,8,56,,,,1.0,9,5.8,17,,,25.6,,,,,2026-05-18 08:56:00
2026,5,18,9,26,,,,1.0,9,5.7,22,,,25.6,,,,,2026-05-18 09:26:00
2026,5,18,9,56,,,,1.1,8,5.9,32,,,25.6,,,,,2026-05-18 09:56:00
2026,5,18,10,26,,,,1.1,8,5.9,39,,,25.6,,,,,2026-05-18 10:26:00
2026,5,18,10,56,,,,1.2,7,5.8,33,,,25.7,,,,,2026-05-18 10:56:00
2026,5,18,11,26,,,,1.2,7,5.7,34,,,25.7,,,,,2026-05-18 11:26:00
2026,5,18,11,56,,,,1.3,9,5.8,44,,,25.6,,,,,2026-05-18 11:56:00
2026,5,18,12,26,,,,1.3,9,5.8,40,,,25.6,,,,,2026-05-18 12:26:00
2026,5,18,12,56,,,,1.2,9,5.6,29,,,25.6,,,,,2026-05-18 12:56:00
2026,5,18,13,26,,,,1.2,6,5.6,40,,,25.6,,,,,2026-05-18 13:26:00
2026,5,18,13,56,,,,1.2,7,5.6,41,,,25.5,,,,,2026-05-18 13:56:00
2026,5,18,14,26,,,,1.2,9,5.7,39,,,25.5,,,,,2026-05-18 14:26:00
2026,5,18,14,56,,,,1.2,6,5.5,43,,,25.5,,,,,2026-05-18 14:56:00
2026,5,18,15,26,,,,1.2,6,5.5,39,,,25.5,,,,,2026-05-18 15:26:00
2026,5,18,15,56,,,,1.1,6,5.4,41,,,25.5,,,,,2026-05-18 15:56:00
2026,5,18,16,26,,,,1.2,9,5.6,46,,,25.5,,,,,2026-05-18 16:26:00
2026,5,18,16,56,,,,1.2,7,5.6,41,,,25.4,,,,,2026-05-18 16:56:00
2026,5,18,17,26,,,,1.2,9,5.6,41,,,25.4,,,,,2026-05-18 17:26:00
2026,5,18,17,56,,,,1.2,6,5.4,39,,,25.4,,,,,2026-05-18 17:56:00
2026,5,18,18,26,,,,1.3,7,5.3,46,,,25.4,,,,,2026-05-18 18:26:00
2026,5,18,18,56,,,,1.3,6,5.6,44,,,25.5,,,,,2026-05-18 18:56:00
2026,5,18,19,26,,,,1.3,8,5.6,44,,,25.6,,,,,2026-05-18 19:26:00
2026,5,18,19,56,,,,1.2,7,5.6,39,,,25.6,,,,,2026-05-18 19:56:00
2026,5,18,20,26,,,,1.4,7,5.8,41,,,25.6,,,,,2026-05-18 20:26:00
2026,5,18,20,56,,,,1.5,7,6.0,46,,,25.7,,,,,2026-05-18 20:56:00
2026,5,18,21,26,,,,1.6,8,6.1,44,,,25.7,,,,,2026-05-18 21:26:00
2026,5,18,21,56,,,,1.6,7,6.1,41,,,25.7,,,,,2026-05-18 21:56:00
2026,5,18,22,26,,,,1.6,8,6.0,47,,,25.7,,,,,2026-05-18 22:26:00
2026,5,18,22,56,,,,1.6,13,5.8,330,,,25.7,,,,,2026-05-18 22:56:00
2026,5,18,23,56,,,,1.6,7,5.7,41,,,25.8,,,,,2026-05-18 23:56:00
2026,5,19,0,26,,,,1.5,7,5.5,39,,,25.7,,,,,2026-05-19 00:26:00
2026,5,19,0,56,,,,1.6,7,5.6,37,,,25.7,,,,,2026-05-19 00:56:00
2026,5,19,1,26,,,,1.5,8,5.3,34,,,25.7,,,,,2026-05-19 01:26:00
2026,5,19,1,56,,,,1.5,8,5.2,40,,,25.7,,,,,2026-05-19 01:56:00
2026,5,19,2,26,,,,1.4,6,5.3,36,,,25.7,,,,,2026-05-19 02:26:00
2026,5,19,2,56,,,,1.3,13,5.2,321,,,25.7,,,,,2026-05-19 02:56:00
2026,5,19,3,26,,,,1.3,13,5.2,324,,,25.7,,,,,2026-05-19 03:26:00
2026,5,19,3,56,,,,1.3,13,5.5,324,,,25.7,,,,,2026-05-19 03:56:00
2026,5,19,4,26,,,,1.3,6,5.2,37,,,25.7,,,,,2026-05-19 04:26:00
2026,5,19,4,56,,,,1.3,13,5.6,325,,,25.6,,,,,2026-05-19 04:56:00
2026,5,19,5,26,,,,1.2,13,5.5,325,,,25.6,,,,,2026-05-19 05:26:00
2026,5,19,5,56,,,,1.3,6,5.5,41,,,25.7,,,,,2026-05-19 05:56:00
2026,5,19,6,26,,,,1.3,13,5.5,344,,,25.7,,,,,2026-05-19 06:26:00
2026,5,19,6,56,,,,1.3,13,5.7,334,,,25.7,,,,,2026-05-19 06:56:00
2026,5,19,7,26,,,,1.2,13,5.5,330,,,25.7,,,,,2026-05-19 07:26:00
2026,5,19,7,56,,,,1.2,13,5.9,337,,,25.7,,,,,2026-05-19 07:56:00
2026,5,19,8,26,,,,1.1,13,5.5,330,,,25.7,,,,,2026-05-19 08:26:00
2026,5,19,8,56,,,,1.0,13,5.7,335,,,25.7,,,,,2026-05-19 08:56:00
2026,5,19,9,26,,,,1.0,13,5.7,334,,,25.8,,,,,2026-05-19 09:26:00
2026,5,19,9,56,,,,1.0,12,5.7,324,,,25.7,,,,,2026-05-19 09:56:00
2026,5,19,10,26,,,,1.2,13,5.9,327,,,25.7,,,,,2026-05-19 10:26:00
2026,5,19,10,56,,,,1.1,13,5.9,337,,,25.6,,,,,2026-05-19 10:56:00
2026,5,19,11,26,,,,1.2,12,6.0,317,,,25.6,,,,,2026-05-19 11:26:00
2026,5,19,11,56,,,,1.3,7,5.9,40,,,25.6,,,,,2026-05-19 11:56:00
2026,5,19,12,26,,,,1.1,12,5.9,313,,,25.6,,,,,2026-05-19 12:26:00
2026,5,19,12,56,,,,1.2,12,5.7,324,,,25.6,,,,,2026-05-19 12:56:00
2026,5,19,13,26,,,,1.1,12,5.8,320,,,25.6,,,,,2026-05-19 13:26:00
2026,5,19,13,56,,,,1.1,7,5.5,47,,,25.6,,,,,2026-05-19 13:56:00
2026,5,19,14,26,,,,1.2,12,5.7,316,,,25.6,,,,,2026-05-19 14:26:00
2026,5,19,14,56,,,,1.2,12,5.7,316,,,25.6,,,,,2026-05-19 14:56:00
2026,5,19,15,26,,,,1.0,12,5.4,313,,,25.6,,,,,2026-05-19 15:26:00
2026,5,19,15,56,,,,1.1,12,5.4,323,,,25.6,,,,,2026-05-19 15:56:00
2026,5,19,16,26,,,,1.1,12,5.4,323,,,25.6,,,,,2026-05-19 16:26:00
2026,5,19,16,56,,,,1.1,12,5.4,331,,,25.5,,,,,2026-05-19 16:56:00
2026,5,19,17,26,,,,1.1,12,5.3,302,,,25.6,,,,,2026-05-19 17:26:00
2026,5,19,17,56,,,,1.1,11,5.7,318,,,25.6,,,,,2026-05-19 17:56:00
2026,5,19,18,26,,,,1.2,11,5.5,323,,,25.5,,,,,2026-05-19 18:26:00
2026,5,19,18,56,,,,1.2,11,5.5,327,,,25.5,,,,,2026-05-19 18:56:00
2026,5,19,19,26,,,,1.2,11,5.6,327,,,25.6,,,,,2026-05-19 19:26:00
2026,5,19,19,56,,,,1.2,11,5.7,324,,,25.5,,,,,2026-05-19 19:56:00
2026,5,19,20,26,,,,1.2,6,5.6,30,,,25.6,,,,,2026-05-19 20:26:00
2026,5,19,20,56,,,,1.2,11,5.9,323,,,25.6,,,,,2026-05-19 20:56:00
2026,5,19,21,26,,,,1.2,11,5.6,316,,,25.6,,,,,2026-05-19 21:26:00
2026,5,19,21,56,,,,1.3,6,6.1,34,,,25.7,,,,,2026-05-19 21:56:00
2026,5,19,22,26,,,,1.4,7,6.1,34,,,25.7,,,,,2026-05-19 22:26:00
2026,5,19,22,56,,,,1.4,7,5.8,40,,,25.7,,,,,2026-05-19 22:56:00
2026,5,19,23,56,,,,1.4,7,5.7,40,,,25.6,,,,,2026-05-19 23:56:00
2026,5,20,0,26,,,,1.3,7,5.4,37,,,25.6,,,,,2026-05-20 00:26:00
2026,5,20,0,56,,,,1.3,11,5.5,334,,,25.6,,,,,2026-05-20 00:56:00
2026,5,20,1,26,,,,1.3,6,5.5,33,,,25.5,,,,,2026-05-20 01:26:00
2026,5,20,1,56,,,,1.3,11,5.4,339,,,25.6,,,,,2026-05-20 01:56:00
2026,5,20,2,26,,,,1.4,7,5.4,34,,,25.6,,,,,2026-05-20 02:26:00
2026,5,20,2,56,,,,1.3,10,5.2,331,,,25.6,,,,,2026-05-20 02:56:00
2026,5,20,3,26,,,,1.3,7,5.1,32,,,25.6,,,,,2026-05-20 03:26:00
2026,5,20,3,56,,,,1.2,7,5.0,33,,,25.6,,,,,2026-05-20 03:56:00
2026,5,20,4,26,,,,1.3,11,5.3,331,,,25.5,,,,,2026-05-20 04:26:00
2026,5,20,4,56,,,,1.3,11,5.0,325,,,25.6,,,,,2026-05-20 04:56:00
2026,5,20,5,26,,,,1.3,6,5.0,34,,,25.6,,,,,2026-05-20 05:26:00
2026,5,20,5,56,,,,1.3,11,5.5,331,,,25.6,,,,,2026-05-20 05:56:00
2026,5,20,6,26,,,,1.3,11,5.3,331,,,25.6,,,,,2026-05-20 06:26:00
2026,5,20,6,56,,,,1.2,11,5.3,335,,,25.5,,,,,2026-05-20 06:56:00
2026,5,20,7,26,,,,1.1,11,5.3,323,,,25.5,,,,,2026-05-20 07:26:00
2026,5,20,7,56,,,,1.2,11,5.5,338,,,25.5,,,,,2026-05-20 07:56:00
2026,5,20,8,26,,,,1.1,12,5.6,328,,,25.5,,,,,2026-05-20 08:26:00
2026,5,20,8,56,,,,1.1,11,6.0,332,,,25.5,,,,,2026-05-20 08:56:00
2026,5,20,9,26,,,,1.1,11,5.5,337,,,25.5,,,,,2026-05-20 09:26:00
2026,5,20,9,56,,,,1.1,11,5.3,330,,,25.5,,,,,2026-05-20 09:56:00
2026,5,20,10,26,,,,1.2,11,5.3,327,,,25.5,,,,,2026-05-20 10:26:00
2026,5,20,10,56,,,,1.2,11,5.3,338,,,25.5,,,,,2026-05-20 10:56:00
2026,5,20,11,26,,,,1.2,12,5.5,344,,,25.6,,,,,2026-05-20 11:26:00
2026,5,20,11,56,,,,1.4,11,5.8,342,,,25.6,,,,,2026-05-20 11:56:00
2026,5,20,12,26,,,,1.4,10,5.8,351,,,25.6,,,,,2026-05-20 12:26:00
2026,5,20,12,56,,,,1.4,9,6.0,41,,,25.5,,,,,2026-05-20 12:56:00
2026,5,20,13,26,,,,1.5,9,5.9,43,,,25.6,,,,,2026-05-20 13:26:00
2026,5,20,13,56,,,,1.4,7,5.5,43,,,25.5,,,,,2026-05-20 13:56:00
2026,5,20,14,26,,,,1.5,9,5.7,41,,,25.6,,,,,2026-05-20 14:26:00
2026,5,20,14,56,,,,1.2,11,5.4,342,,,25.7,,,,,2026-05-20 14:56:00
2026,5,20,15,26,,,,1.3,9,5.3,29,,,25.7,,,,,2026-05-20 15:26:00
2026,5,20,15,56,,,,1.4,9,5.5,39,,,25.7,,,,,2026-05-20 15:56:00
2026,5,20,16,26,,,,1.3,9,5.5,50,,,25.6,,,,,2026-05-20 16:26:00
2026,5,20,16,56,,,,1.3,11,5.5,342,,,25.6,,,,,2026-05-20 16:56:00
2026,5,20,17,26,,,,1.4,9,5.6,40,,,25.6,,,,,2026-05-20 17:26:00
2026,5,20,17,56,,,,1.3,6,5.4,36,,,25.6,,,,,2026-05-20 17:56:00
2026,5,20,18,26,,,,1.3,11,5.5,339,,,25.6,,,,,2026-05-20 18:26:00
2026,5,20,18,56,,,,1.4,8,5.7,26,,,25.6,,,,,2026-05-20 18:56:00
2026,5,20,19,26,,,,1.4,11,5.4,349,,,25.6,,,,,2026-05-20 19:26:00
2026,5,20,19,56,,,,1.5,6,5.5,37,,,25.7,,,,,2026-05-20 19:56:00
2026,5,20,20,26,,,,1.4,7,5.6,36,,,25.7,,,,,2026-05-20 20:26:00
2026,5,20,20,56,,,,1.4,10,5.7,10,,,25.7,,,,,2026-05-20 20:56:00
2026,5,20,21,26,,,,1.4,11,5.7,358,,,25.7,,,,,2026-05-20 21:26:00
2026,5,20,21,56,,,,1.5,7,5.7,30,,,25.7,,,,,2026-05-20 21:56:00
2026,5,20,22,26,,,,1.6,9,5.7,50,,,25.7,,,,,2026-05-20 22:26:00
2026,5,20,22,56,,,,1.7,9,5.9,43,,,25.7,,,,,2026-05-20 22:56:00
2026,5,20,23,56,,,,1.9,7,6.1,48,,,25.8,,,,,2026-05-20 23:56:00
2026,5,21,0,26,,,,1.9,9,6.1,46,,,25.7,,,,,2026-05-21 00:26:00
2026,5,21,0,56,,,,1.8,8,5.9,50,,,25.7,,,,,2026-05-21 00:56:00
2026,5,21,1,26,,,,1.9,7,6.0,47,,,25.7,,,,,2026-05-21 01:26:00
2026,5,21,1,56,,,,1.8,8,6.0,48,,,25.7,,,,,2026-05-21 01:56:00
2026,5,21,2,26,,,,2.0,10,6.1,19,,,25.7,,,,,2026-05-21 02:26:00
2026,5,21,2,56,,,,1.9,8,5.9,44,,,25.7,,,,,2026-05-21 02:56:00
2026,5,21,3,26,,,,1.9,8,5.8,46,,,25.7,,,,,2026-05-21 03:26:00
2026,5,21,3,56,,,,1.8,7,5.6,40,,,25.7,,,,,2026-05-21 03:56:00
2026,5,21,4,26,,,,1.8,8,5.5,46,,,25.7,,,,,2026-05-21 04:26:00
2026,5,21,4,56,,,,1.8,10,5.4,354,,,25.7,,,,,2026-05-21 04:56:00
2026,5,21,5,26,,,,1.8,8,5.4,46,,,25.6,,,,,2026-05-21 05:26:00
2026,5,21,5,56,,,,1.7,7,5.3,47,,,25.6,,,,,2026-05-21 05:56:00
2026,5,21,6,26,,,,1.9,10,5.6,6,,,25.6,,,,,2026-05-21 06:26:00
2026,5,21,6,56,,,,1.8,7,5.4,47,,,25.6,,,,,2026-05-21 06:56:00
2026,5,21,7,26,,,,1.8,9,5.3,40,,,25.6,,,,,2026-05-21 07:26:00
2026,5,21,7,56,,,,1.7,10,5.3,23,,,25.6,,,,,2026-05-21 07:56:00
2026,5,21,8,26,,,,1.8,7,5.4,48,,,25.6,,,,,2026-05-21 08:26:00
2026,5,21,8,56,,,,1.9,10,5.7,12,,,25.6,,,,,2026-05-21 08:56:00
2026,5,21,9,26,,,,1.6,10,5.4,37,,,25.6,,,,,2026-05-21 09:26:00
2026,5,21,9,56,,,,1.5,9,5.6,33,,,25.6,,,,,2026-05-21 09:56:00
2026,5,21,10,26,,,,1.6,10,5.8,51,,,25.6,,,,,2026-05-21 10:26:00
2026,5,21,10,56,,,,1.5,10,5.7,26,,,25.6,,,,,2026-05-21 10:56:00
2026,5,21,11,26,,,,1.5,6,5.7,29,,,25.6,,,,,2026-05-21 11:26:00
2026,5,21,11,56,,,,1.5,10,5.7,22,,,25.6,,,,,2026-05-21 11:56:00
2026,5,21,12,26,,,,1.6,9,5.8,29,,,25.6,,,,,2026-05-21 12:26:00
2026,5,21,12,56,,,,1.6,9,5.6,27,,,25.6,,,,,2026-05-21 12:56:00
2026,5,21,13,26,,,,1.7,8,5.7,41,,,25.6,,,,,2026-05-21 13:26:00
2026,5,21,13,56,,,,1.8,8,5.7,43,,,25.6,,,,,2026-05-21 13:56:00
2026,5,21,14,26,,,,1.8,9,5.7,37,,,25.5,,,,,2026-05-21 14:26:00
2026,5,21,14,56,,,,1.9,8,5.8,43,,,25.5,,,,,2026-05-21 14:56:00
2026,5,21,15,26,,,,1.7,7,5.7,43,,,25.4,,,,,2026-05-21 15:26:00
2026,5,21,15,56,,,,1.8,7,5.8,43,,,25.3,,,,,2026-05-21 15:56:00
2026,5,21,16,26,,,,1.9,7,5.9,39,,,25.3,,,,,2026-05-21 16:26:00
2026,5,21,16,56,,,,1.8,8,5.6,37,,,25.3,,,,,2026-05-21 16:56:00
2026,5,21,17,26,,,,1.8,8,5.7,43,,,24.8,,,,,2026-05-21 17:26:00
2026,5,21,17,56,,,,1.5,11,7.5,33,,,22.7,,,,,2026-05-21 17:56:00
2026,5,22,22,56,,,,1.8,9,5.9,47,,,25.1,,,,,2026-05-22 22:56:00
2026,5,22,23,56,,,,1.8,9,6.1,50,,,25.1,,,,,2026-05-22 23:56:00
2026,5,23,0,26,,,,2.0,9,6.2,44,,,25.1,,,,,2026-05-23 00:26:00
2026,5,23,0,56,,,,1.8,9,6.0,41,,,25.1,,,,,2026-05-23 00:56:00
2026,5,23,1,26,,,,2.1,8,6.1,39,,,25.1,,,,,2026-05-23 01:26:00
2026,5,23,1,56,,,,2.0,9,5.9,40,,,25.1,,,,,2026-05-23 01:56:00
2026,5,23,2,26,,,,2.0,8,5.9,41,,,25.1,,,,,2026-05-23 02:26:00
2026,5,23,2,56,,,,2.2,8,6.1,40,,,25.1,,,,,2026-05-23 02:56:00
2026,5,23,3,26,,,,2.1,8,5.9,40,,,25.1,,,,,2026-05-23 03:26:00
2026,5,23,3,56,,,,2.2,8,6.0,40,,,25.1,,,,,2026-05-23 03:56:00
2026,5,23,4,26,,,,2.2,7,6.0,41,,,25.1,,,,,2026-05-23 04:26:00
2026,5,23,4,56,,,,2.1,7,5.7,40,,,25.1,,,,,2026-05-23 04:56:00
2026,5,23,5,26,,,,2.1,10,5.8,37,,,25.1,,,,,2026-05-23 05:26:00
2026,5,23,5,56,,,,2.2,8,5.6,46,,,25.1,,,,,2026-05-23 05:56:00
2026,5,23,6,26,,,,2.0,9,5.6,46,,,25.1,,,,,2026-05-23 06:26:00
2026,5,23,6,56,,,,2.0,9,5.4,46,,,25.1,,,,,2026-05-23 06:56:00
2026,5,23,7,26,,,,2.2,9,5.7,40,,,25.1,,,,,2026-05-23 07:26:00
2026,5,23,7,56,,,,2.1,7,5.6,34,,,25.1,,,,,2026-05-23 07:56:00
2026,5,23,8,26,,,,2.0,8,5.6,41,,,25.0,,,,,2026-05-23 08:26:00
2026,5,23,8,56,,,,2.1,10,5.6,43,,,25.0,,,,,2026-05-23 08:56:00
2026,5,23,9,26,,,,2.1,7,5.5,44,,,25.0,,,,,2026-05-23 09:26:00
2026,5,23,9,56,,,,2.1,6,5.6,37,,,25.0,,,,,2026-05-23 09:56:00
2026,5,23,10,26,,,,2.0,8,5.7,40,,,25.0,,,,,2026-05-23 10:26:00
2026,5,23,10,56,,,,2.2,8,6.0,40,,,25.0,,,,,2026-05-23 10:56:00
2026,5,23,11,26,,,,2.0,7,5.9,34,,,25.0,,,,,2026-05-23 11:26:00
2026,5,23,11,56,,,,2.1,8,6.0,37,,,25.0,,,,,2026-05-23 11:56:00
2026,5,23,12,26,,,,1.9,8,5.8,30,,,25.0,,,,,2026-05-23 12:26:00
2026,5,23,12,56,,,,1.9,10,5.9,10,,,25.0,,,,,2026-05-23 12:56:00
2026,5,23,13,26,,,,1.8,9,6.0,29,,,25.0,,,,,2026-05-23 13:26:00
2026,5,23,13,56,,,,2.0,9,6.0,29,,,25.0,,,,,2026-05-23 13:56:00
2026,5,23,14,26,,,,2.0,10,6.0,12,,,25.0,,,,,2026-05-23 14:26:00
2026,5,23,14,56,,,,2.1,9,6.2,32,,,25.0,,,,,2026-05-23 14:56:00
2026,5,23,15,26,,,,2.1,10,6.1,19,,,25.0,,,,,2026-05-23 15:26:00
2026,5,23,15,56,,,,2.2,9,6.2,33,,,25.0,,,,,2026-05-23 15:56:00
2026,5,23,16,26,,,,2.1,8,6.1,37,,,25.0,,,,,2026-05-23 16:26:00
2026,5,23,16,56,,,,2.2,8,6.0,37,,,25.0,,,,,2026-05-23 16:56:00
2026,5,23,17,26,,,,2.1,8,6.0,33,,,25.0,,,,,2026-05-23 17:26:00
2026,5,23,17,56,,,,2.3,8,6.0,36,,,24.9,,,,,2026-05-23 17:56:00
2026,5,23,18,26,,,,2.3,8,6.0,37,,,24.9,,,,,2026-05-23 18:26:00
2026,5,23,18,56,,,,2.4,8,6.1,30,,,24.9,,,,,2026-05-23 18:56:00
2026,5,23,19,26,,,,2.3,8,6.2,36,,,24.9,,,,,2026-05-23 19:26:00
2026,5,23,19,56,,,,2.3,10,6.4,30,,,24.9,,,,,2026-05-23 19:56:00
2026,5,23,20,26,,,,2.2,9,6.1,27,,,24.9,,,,,2026-05-23 20:26:00
2026,5,23,20,56,,,,2.2,8,6.1,39,,,24.9,,,,,2026-05-23 20:56:00
2026,5,23,21,26,,,,2.4,9,6.3,29,,,24.9,,,,,2026-05-23 21:26:00
2026,5,23,21,56,,,,2.4,9,6.3,39,,,24.9,,,,,2026-05-23 21:56:00
2026,5,23,22,26,,,,2.4,9,6.2,34,,,24.9,,,,,2026-05-23 22:26:00
2026,5,23,22,56,,,,2.4,8,6.3,43,,,24.9,,,,,2026-05-23 22:56:00
2026,5,23,23,56,,,,2.2,8,6.1,29,,,25.0,,,,,2026-05-23 23:56:00
2026,5,24,0,26,,,,2.4,9,6.4,41,,,25.0,,,,,2026-05-24 00:26:00
2026,5,24,0,56,,,,2.3,9,6.5,43,,,25.0,,,,,2026-05-24 00:56:00
2026,5,24,1,26,,,,2.2,9,6.2,44,,,25.0,,,,,2026-05-24 01:26:00
2026,5,24,1,56,,,,2.3,8,6.2,37,,,25.0,,,,,2026-05-24 01:56:00
2026,5,24,2,26,,,,2.3,8,6.5,40,,,25.0,,,,,2026-05-24 02:26:00
2026,5,24,2,56,,,,2.2,9,6.4,40,,,25.0,,,,,2026-05-24 02:56:00
2026,5,24,3,26,,,,2.1,9,6.3,37,,,24.9,,,,,2026-05-24 03:26:00
2026,5,24,3,56,,,,2.1,8,6.3,44,,,24.9,,,,,2026-05-24 03:56:00
2026,5,24,4,26,,,,1.9,9,5.9,36,,,24.9,,,,,2026-05-24 04:26:00
2026,5,24,4,56,,,,1.9,9,6.1,33,,,24.9,,,,,2026-05-24 04:56:00
2026,5,24,5,26,,,,2.0,7,5.9,32,,,24.9,,,,,2026-05-24 05:26:00
2026,5,24,5,56,,,,2.1,9,6.0,34,,,24.9,,,,,2026-05-24 05:56:00
2026,5,24,6,26,,,,1.9,14,5.8,328,,,24.8,,,,,2026-05-24 06:26:00
2026,5,24,6,56,,,,2.0,8,6.1,24,,,24.8,,,,,2026-05-24 06:56:00
2026,5,24,7,26,,,,1.9,10,6.3,23,,,24.8,,,,,2026-05-24 07:26:00
2026,5,24,7,56,,,,1.9,14,6.0,330,,,24.8,,,,,2026-05-24 07:56:00
2026,5,24,8,26,,,,2.0,9,6.2,36,,,24.8,,,,,2026-05-24 08:26:00
2026,5,24,8,56,,,,1.9,8,6.0,39,,,24.8,,,,,2026-05-24 08:56:00
2026,5,24,9,26,,,,1.9,14,6.0,321,,,24.8,,,,,2026-05-24 09:26:00
2026,5,24,9,56,,,,2.1,9,6.2,34,,,24.7,,,,,2026-05-24 09:56:00
2026,5,24,10,26,,,,2.1,10,6.4,37,,,24.7,,,,,2026-05-24 10:26:00
2026,5,24,10,56,,,,2.2,13,6.7,321,,,24.7,,,,,2026-05-24 10:56:00
2026,5,24,11,26,,,,2.1,13,6.6,332,,,24.7,,,,,2026-05-24 11:26:00
2026,5,24,11,56,,,,2.0,13,6.3,327,,,24.7,,,,,2026-05-24 11:56:00
2026,5,24,12,26,,,,2.0,9,6.7,32,,,24.7,,,,,2026-05-24 12:26:00
2026,5,24,12,56,,,,2.0,13,6.8,330,,,24.8,,,,,2026-05-24 12:56:00
2026,5,24,13,56,,,,1.9,13,7.2,330,,,24.8,,,,,2026-05-24 13:56:00
2026,5,24,14,26,,,,1.8,13,7.2,323,,,24.8,,,,,2026-05-24 14:26:00
2026,5,24,14,56,,,,1.7,8,6.1,27,,,24.9,,,,,2026-05-24 14:56:00
2026,5,24,15,26,,,,1.9,10,6.3,23,,,24.9,,,,,2026-05-24 15:26:00
2026,5,24,15,56,,,,2.0,13,6.5,327,,,24.9,,,,,2026-05-24 15:56:00
2026,5,24,16,26,,,,2.0,13,6.4,331,,,24.9,,,,,2026-05-24 16:26:00
2026,5,24,16,56,,,,1.9,8,6.4,26,,,24.9,,,,,2026-05-24 16:56:00
2026,5,24,17,26,,,,2.0,13,6.6,321,,,24.9,,,,,2026-05-24 17:26:00
2026,5,24,17,56,,,,1.9,13,6.2,330,,,24.9,,,,,2026-05-24 17:56:00
2026,5,24,18,26,,,,1.9,9,6.2,26,,,24.9,,,,,2026-05-24 18:26:00
2026,5,24,18,56,,,,1.9,9,6.0,34,,,24.9,,,,,2026-05-24 18:56:00
2026,5,24,19,26,,,,1.9,9,5.8,26,,,24.9,,,,,2026-05-24 19:26:00
2026,5,24,19,56,,,,2.0,13,5.9,334,,,25.0,,,,,2026-05-24 19:56:00
2026,5,24,20,26,,,,2.1,8,6.0,27,,,25.0,,,,,2026-05-24 20:26:00
2026,5,24,20,56,,,,1.9,9,5.7,33,,,25.0,,,,,2026-05-24 20:56:00
2026,5,24,21,26,,,,2.0,9,5.8,30,,,25.0,,,,,2026-05-24 21:26:00
2026,5,24,21,56,,,,2.0,9,5.8,37,,,25.0,,,,,2026-05-24 21:56:00
2026,5,24,22,26,,,,2.1,8,6.1,32,,,25.0,,,,,2026-05-24 22:26:00
2026,5,24,22,56,,,,2.0,8,5.8,33,,,25.0,,,,,2026-05-24 22:56:00
2026,5,24,23,56,,,,2.2,8,6.0,32,,,25.0,,,,,2026-05-24 23:56:00
2026,5,25,0,26,,,,2.1,13,6.2,324,,,25.0,,,,,2026-05-25 00:26:00
2026,5,25,0,56,,,,2.1,13,6.0,337,,,25.0,,,,,2026-05-25 00:56:00
2026,5,25,1,26,,,,2.1,8,6.2,37,,,25.0,,,,,2026-05-25 01:26:00
2026,5,25,1,56,,,,2.3,9,6.5,37,,,25.0,,,,,2026-05-25 01:56:00
2026,5,25,2,26,,,,2.2,9,6.2,43,,,25.0,,,,,2026-05-25 02:26:00
2026,5,25,2,56,,,,2.2,9,6.3,46,,,25.0,,,,,2026-05-25 02:56:00
2026,5,25,3,26,,,,2.0,9,6.2,37,,,25.0,,,,,2026-05-25 03:26:00
2026,5,25,3,56,,,,2.0,8,6.0,37,,,25.0,,,,,2026-05-25 03:56:00
2026,5,25,4,26,,,,2.0,8,5.9,36,,,25.0,,,,,2026-05-25 04:26:00
2026,5,25,4,56,,,,1.9,9,6.0,37,,,25.0,,,,,2026-05-25 04:56:00
2026,5,25,5,26,,,,2.1,12,6.1,335,,,25.0,,,,,2026-05-25 05:26:00
2026,5,25,5,56,,,,2.1,9,6.1,39,,,24.9,,,,,2026-05-25 05:56:00
2026,5,25,6,26,,,,2.1,13,6.1,321,,,24.9,,,,,2026-05-25 06:26:00
2026,5,25,6,56,,,,2.1,7,6.1,39,,,24.9,,,,,2026-05-25 06:56:00
2026,5,25,7,26,,,,2.0,7,5.9,41,,,24.9,,,,,2026-05-25 07:26:00
2026,5,25,7,56,,,,2.0,13,6.1,325,,,24.9,,,,,2026-05-25 07:56:00
2026,5,25,8,26,,,,1.9,12,5.7,327,,,24.9,,,,,2026-05-25 08:26:00
2026,5,25,8,56,,,,1.9,8,5.9,39,,,24.9,,,,,2026-05-25 08:56:00
2026,5,25,9,26,,,,1.8,8,6.0,37,,,24.8,,,,,2026-05-25 09:26:00
2026,5,25,9,56,,,,1.8,12,5.9,331,,,24.8,,,,,2026-05-25 09:56:00
2026,5,25,10,26,,,,1.9,11,5.9,339,,,24.8,,,,,2026-05-25 10:26:00
2026,5,25,10,56,,,,1.9,13,6.0,316,,,24.7,,,,,2026-05-25 10:56:00
2026,5,25,11,26,,,,1.9,8,6.1,41,,,24.7,,,,,2026-05-25 11:26:00
2026,5,25,11,56,,,,1.9,9,5.9,27,,,24.7,,,,,2026-05-25 11:56:00
2026,5,25,12,26,,,,2.0,12,6.1,314,,,24.7,,,,,2026-05-25 12:26:00
2026,5,25,12,56,,,,1.8,12,5.9,325,,,24.6,,,,,2026-05-25 12:56:00
2026,5,25,13,26,,,,1.8,10,6.3,13,,,24.6,,,,,2026-05-25 13:26:00
2026,5,25,13,56,,,,1.9,8,6.3,32,,,24.6,,,,,2026-05-25 13:56:00
2026,5,25,14,26,,,,1.8,11,6.3,345,,,24.6,,,,,2026-05-25 14:26:00
2026,5,25,14,56,,,,1.8,9,6.3,24,,,24.6,,,,,2026-05-25 14:56:00
2026,5,25,15,26,,,,1.8,8,6.7,29,,,24.6,,,,,2026-05-25 15:26:00
2026,5,25,15,56,,,,1.8,8,6.3,27,,,24.7,,,,,2026-05-25 15:56:00
2026,5,25,16,26,,,,1.6,9,6.3,26,,,24.8,,,,,2026-05-25 16:26:00
2026,5,25,16,56,,,,1.6,9,6.1,33,,,24.8,,,,,2026-05-25 16:56:00
2026,5,25,17,26,,,,1.8,9,6.3,37,,,24.8,,,,,2026-05-25 17:26:00
2026,5,25,17,56,,,,1.8,9,6.0,33,,,24.8,,,,,2026-05-25 17:56:00
2026,5,25,18,26,,,,2.1,8,6.2,30,,,24.8,,,,,2026-05-25 18:26:00
2026,5,25,18,56,,,,2.0,8,6.4,32,,,24.9,,,,,2026-05-25 18:56:00
2026,5,25,19,26,,,,2.0,9,6.3,24,,,24.9,,,,,2026-05-25 19:26:00
2026,5,25,19,56,,,,2.0,8,6.2,24,,,24.9,,,,,2026-05-25 19:56:00
2026,5,25,20,26,,,,1.8,9,5.8,34,,,24.9,,,,,2026-05-25 20:26:00
2026,5,25,20,56,,,,2.0,9,6.0,27,,,24.9,,,,,2026-05-25 20:56:00
2026,5,25,21,26,,,,2.0,8,6.0,39,,,24.9,,,,,2026-05-25 21:26:00
2026,5,25,21,56,,,,1.9,8,5.8,37,,,24.9,,,,,2026-05-25 21:56:00
2026,5,25,22,26,,,,1.8,9,5.8,26,,,24.9,,,,,2026-05-25 22:26:00
2026,5,25,22,56,,,,1.7,8,5.7,36,,,24.9,,,,,2026-05-25 22:56:00
2026,5,25,23,26,,,,1.6,8,5.7,29,,,25.0,,,,,2026-05-25 23:26:00
2026,5,25,23,56,,,,1.7,8,5.7,36,,,25.0,,,,,2026-05-25 23:56:00
2026,5,26,0,26,,,,1.8,9,5.7,34,,,25.0,,,,,2026-05-26 00:26:00
2026,5,26,0,56,,,,1.8,8,6.0,34,,,25.0,,,,,2026-05-26 00:56:00
2026,5,26,1,26,,,,1.7,8,5.9,32,,,25.0,,,,,2026-05-26 01:26:00
2026,5,26,1,56,,,,1.7,8,5.8,26,,,25.0,,,,,2026-05-26 01:56:00
2026,5,26,2,26,,,,1.8,8,5.8,30,,,25.0,,,,,2026-05-26 02:26:00
2026,5,26,2,56,,,,1.7,8,5.3,39,,,25.0,,,,,2026-05-26 02:56:00
2026,5,26,3,26,,,,1.8,8,5.6,27,,,25.0,,,,,2026-05-26 03:26:00
2026,5,26,3,56,,,,1.7,8,5.7,32,,,24.9,,,,,2026-05-26 03:56:00
2026,5,26,4,26,,,,1.8,8,5.7,34,,,24.9,,,,,2026-05-26 04:26:00
2026,5,26,4,56,,,,1.7,8,5.7,33,,,24.9,,,,,2026-05-26 04:56:00
2026,5,26,5,26,,,,1.8,8,5.9,34,,,24.9,,,,,2026-05-26 05:26:00
2026,5,26,5,56,,,,1.7,8,5.8,32,,,24.9,,,,,2026-05-26 05:56:00
2026,5,26,6,56,,,,1.7,8,5.6,33,,,24.9,,,,,2026-05-26 06:56:00
2026,5,26,7,26,,,,1.8,7,5.7,33,,,24.9,,,,,2026-05-26 07:26:00
2026,5,26,7,56,,,,1.9,8,5.9,30,,,24.9,,,,,2026-05-26 07:56:00
2026,5,26,8,26,,,,1.9,8,5.8,37,,,24.9,,,,,2026-05-26 08:26:00
2026,5,26,8,56,,,,1.8,8,5.6,34,,,24.9,,,,,2026-05-26 08:56:00
2026,5,26,9,26,,,,1.8,8,5.6,37,,,24.9,,,,,2026-05-26 09:26:00
2026,5,26,9,56,,,,1.8,8,5.5,32,,,24.9,,,,,2026-05-26 09:56:00
2026,5,26,10,26,,,,1.9,8,5.5,33,,,24.9,,,,,2026-05-26 10:26:00
2026,5,26,10,56,,,,1.8,8,5.5,36,,,24.9,,,,,2026-05-26 10:56:00
2026,5,26,11,26,,,,1.7,8,5.3,34,,,24.9,,,,,2026-05-26 11:26:00
2026,5,26,11,56,,,,1.8,7,5.5,37,,,24.9,,,,,2026-05-26 11:56:00
2026,5,26,12,26,,,,1.8,8,5.6,34,,,24.9,,,,,2026-05-26 12:26:00
2026,5,26,12,56,,,,1.7,8,5.5,37,,,24.9,,,,,2026-05-26 12:56:00
2026,5,26,13,56,,,,1.7,8,5.7,27,,,24.8,,,,,2026-05-26 13:56:00
2026,5,26,14,26,,,,1.6,8,5.7,27,,,24.8,,,,,2026-05-26 14:26:00
2026,5,26,14,56,,,,1.7,8,5.7,27,,,24.8,,,,,2026-05-26 14:56:00
2026,5,26,15,26,,,,1.7,8,5.7,33,,,24.8,,,,,2026-05-26 15:26:00
2026,5,26,15,56,,,,1.7,7,5.8,36,,,24.8,,,,,2026-05-26 15:56:00
2026,5,26,16,26,,,,1.8,8,5.9,33,,,24.8,,,,,2026-05-26 16:26:00
2026,5,26,16,56,,,,1.7,8,5.8,29,,,24.8,,,,,2026-05-26 16:56:00
2026,5,26,17,26,,,,1.7,7,5.7,34,,,24.9,,,,,2026-05-26 17:26:00
2026,5,26,17,56,,,,1.7,8,5.7,27,,,24.9,,,,,2026-05-26 17:56:00
2026,5,26,18,26,,,,1.9,8,5.8,32,,,24.9,,,,,2026-05-26 18:26:00
2026,5,26,18,56,,,,1.8,8,5.7,29,,,24.9,,,,,2026-05-26 18:56:00
2026,5,26,19,26,,,,1.7,8,5.6,29,,,24.9,,,,,2026-05-26 19:26:00
2026,5,26,21,26,,,,1.7,8,5.5,27,,,24.9,,,,,2026-05-26 21:26:00
2026,5,26,21,56,,,,1.7,8,5.5,26,,,24.9,,,,,2026-05-26 21:56:00
2026,5,26,22,26,,,,1.6,8,5.4,33,,,24.9,,,,,2026-05-26 22:26:00
2026,5,26,22,56,,,,1.5,8,5.3,33,,,24.9,,,,,2026-05-26 22:56:00
2026,5,26,23,26,,,,1.6,8,5.6,30,,,24.9,,,,,2026-05-26 23:26:00
2026,5,26,23,56,,,,1.5,7,5.2,33,,,24.9,,,,,2026-05-26 23:56:00
2026,5,27,0,26,,,,1.5,7,5.3,33,,,24.9,,,,,2026-05-27 00:26:00
2026,5,27,0,56,,,,1.5,8,5.1,34,,,24.9,,,,,2026-05-27 00:56:00
2026,5,27,1,26,,,,1.6,8,5.6,33,,,24.9,,,,,2026-05-27 01:26:00
2026,5,27,1,56,,,,1.6,8,5.4,32,,,24.9,,,,,2026-05-27 01:56:00
2026,5,27,2,26,,,,1.5,7,5.2,43,,,24.9,,,,,2026-05-27 02:26:00
2026,5,27,2,56,,,,1.6,7,5.2,37,,,24.9,,,,,2026-05-27 02:56:00
2026,5,27,3,26,,,,1.8,8,5.5,37,,,24.9,,,,,2026-05-27 03:26:00
2026,5,27,3,56,,,,1.6,8,5.5,33,,,24.9,,,,,2026-05-27 03:56:00
2026,5,27,4,26,,,,1.6,7,5.4,33,,,24.9,,,,,2026-05-27 04:26:00
2026,5,27,4,56,,,,1.6,8,5.7,32,,,24.9,,,,,2026-05-27 04:56:00
2026,5,27,5,26,,,,1.7,7,5.8,34,,,24.9,,,,,2026-05-27 05:26:00
2026,5,27,5,56,,,,1.6,8,5.7,30,,,24.9,,,,,2026-05-27 05:56:00
2026,5,27,6,26,,,,1.6,17,5.6,310,,,24.9,,,,,2026-05-27 06:26:00
2026,5,27,6,56,,,,1.7,8,5.8,32,,,24.9,,,,,2026-05-27 06:56:00
2026,5,27,7,26,,,,1.6,17,5.8,314,,,24.9,,,,,2026-05-27 07:26:00
2026,5,27,7,56,,,,1.7,8,6.0,32,,,24.9,,,,,2026-05-27 07:56:00
2026,5,27,8,26,,,,1.7,17,6.1,306,,,24.9,,,,,2026-05-27 08:26:00
2026,5,27,8,56,,,,1.7,7,6.1,30,,,24.9,,,,,2026-05-27 08:56:00
2026,5,27,9,26,,,,1.7,8,5.9,32,,,24.9,,,,,2026-05-27 09:26:00
2026,5,27,9,56,,,,1.7,17,5.8,306,,,24.9,,,,,2026-05-27 09:56:00
2026,5,27,10,26,,,,1.8,15,6.2,300,,,24.9,,,,,2026-05-27 10:26:00
2026,5,27,10,56,,,,1.8,8,5.8,36,,,24.8,,,,,2026-05-27 10:56:00
2026,5,27,11,26,,,,1.7,15,6.0,311,,,24.8,,,,,2026-05-27 11:26:00
2026,5,27,11,56,,,,1.7,8,5.9,40,,,24.8,,,,,2026-05-27 11:56:00
2026,5,27,12,26,,,,1.9,15,6.8,307,,,24.8,,,,,2026-05-27 12:26:00
2026,5,27,12,56,,,,1.7,15,6.2,303,,,24.8,,,,,2026-05-27 12:56:00
2026,5,27,13,26,,,,1.7,15,6.5,307,,,24.8,,,,,2026-05-27 13:26:00
2026,5,27,13,56,,,,1.7,15,6.5,302,,,24.8,,,,,2026-05-27 13:56:00
2026,5,27,14,26,,,,1.7,15,6.4,309,,,24.8,,,,,2026-05-27 14:26:00
2026,5,27,14,56,,,,1.8,15,6.7,311,,,24.8,,,,,2026-05-27 14:56:00
2026,5,27,15,26,,,,1.7,15,6.5,311,,,24.8,,,,,2026-05-27 15:26:00
2026,5,27,15,56,,,,1.7,15,6.3,302,,,24.8,,,,,2026-05-27 15:56:00
2026,5,27,16,26,,,,1.7,15,6.5,307,,,24.8,,,,,2026-05-27 16:26:00
2026,5,27,16,56,,,,1.6,15,6.8,317,,,24.8,,,,,2026-05-27 16:56:00
2026,5,27,17,26,,,,1.8,15,7.4,311,,,24.8,,,,,2026-05-27 17:26:00
2026,5,27,17,56,,,,1.5,14,6.3,318,,,24.8,,,,,2026-05-27 17:56:00
2026,5,27,18,26,,,,1.7,14,6.6,327,,,24.8,,,,,2026-05-27 18:26:00
2026,5,27,18,56,,,,1.7,15,6.5,316,,,24.8,,,,,2026-05-27 18:56:00
2026,5,27,19,26,,,,1.6,14,6.6,317,,,24.8,,,,,2026-05-27 19:26:00
2026,5,27,19,56,,,,1.7,14,6.8,317,,,24.8,,,,,2026-05-27 19:56:00
2026,5,27,20,26,,,,1.7,15,6.3,316,,,24.9,,,,,2026-05-27 20:26:00
2026,5,27,20,56,,,,1.6,14,6.3,324,,,24.9,,,,,2026-05-27 20:56:00
2026,5,27,21,26,,,,1.6,15,6.3,304,,,24.9,,,,,2026-05-27 21:26:00
2026,5,27,21,56,,,,1.6,14,6.5,306,,,24.9,,,,,2026-05-27 21:56:00
2026,5,27,22,26,,,,1.7,14,6.5,316,,,24.9,,,,,2026-05-27 22:26:00
2026,5,27,22,56,,,,1.7,14,6.9,313,,,24.9,,,,,2026-05-27 22:56:00
2026,5,27,23,56,,,,1.7,14,6.3,311,,,24.9,,,,,2026-05-27 23:56:00
2026,5,28,0,26,,,,1.7,14,6.2,306,,,24.9,,,,,2026-05-28 00:26:00
2026,5,28,0,56,,,,1.6,13,5.9,310,,,24.9,,,,,2026-05-28 00:56:00
2026,5,28,1,26,,,,1.6,14,5.8,310,,,24.9,,,,,2026-05-28 01:26:00
2026,5,28,2,26,,,,1.7,13,5.8,307,,,24.9,,,,,2026-05-28 02:26:00
2026,5,28,2,56,,,,1.7,13,6.0,309,,,24.9,,,,,2026-05-28 02:56:00
2026,5,28,3,26,,,,1.7,13,6.0,320,,,24.9,,,,,2026-05-28 03:26:00
2026,5,28,3,56,,,,1.7,13,6.4,317,,,24.9,,,,,2026-05-28 03:56:00
2026,5,28,4,26,,,,1.7,13,5.9,324,,,24.9,,,,,2026-05-28 04:26:00
2026,5,28,4,56,,,,1.7,14,6.3,303,,,24.9,,,,,2026-05-28 04:56:00
2026,5,28,5,26,,,,1.7,13,6.5,316,,,24.9,,,,,2026-05-28 05:26:00
2026,5,28,5,56,,,,1.7,13,6.6,321,,,24.9,,,,,2026-05-28 05:56:00
2026,5,28,6,26,,,,1.6,13,6.3,316,,,24.9,,,,,2026-05-28 06:26:00
2026,5,28,6,56,,,,1.5,13,6.0,327,,,24.9,,,,,2026-05-28 06:56:00
2026,5,28,7,26,,,,1.6,13,6.4,307,,,24.9,,,,,2026-05-28 07:26:00
2026,5,28,7,56,,,,1.5,13,6.4,303,,,24.9,,,,,2026-05-28 07:56:00
2026,5,28,8,26,,,,1.6,13,6.2,318,,,24.9,,,,,2026-05-28 08:26:00
2026,5,28,8,56,,,,1.6,13,6.3,314,,,24.9,,,,,2026-05-28 08:56:00
2026,5,28,9,26,,,,1.6,13,6.3,307,,,24.9,,,,,2026-05-28 09:26:00
2026,5,28,9,56,,,,1.6,13,6.2,320,,,24.9,,,,,2026-05-28 09:56:00
2026,5,28,10,26,,,,1.6,13,5.9,313,,,24.9,,,,,2026-05-28 10:26:00
2026,5,28,10,56,,,,1.6,13,6.0,325,,,24.9,,,,,2026-05-28 10:56:00
2026,5,28,11,26,,,,1.5,12,5.8,330,,,24.9,,,,,2026-05-28 11:26:00
2026,5,28,11,56,,,,1.7,13,6.2,321,,,24.9,,,,,2026-05-28 11:56:00
2026,5,28,12,26,,,,1.7,13,6.6,314,,,24.9,,,,,2026-05-28 12:26:00
2026,5,28,12,56,,,,1.7,13,6.6,313,,,24.8,,,,,2026-05-28 12:56:00
2026,5,28,13,26,,,,1.6,13,6.4,310,,,24.8,,,,,2026-05-28 13:26:00
2026,5,28,13,56,,,,1.5,13,6.1,324,,,24.8,,,,,2026-05-28 13:56:00
2026,5,28,14,26,,,,1.6,13,6.2,309,,,24.8,,,,,2026-05-28 14:26:00
2026,5,28,14,56,,,,1.6,13,6.0,314,,,24.8,,,,,2026-05-28 14:56:00
2026,5,28,15,26,,,,1.6,13,6.3,314,,,24.8,,,,,2026-05-28 15:26:00
2026,5,28,15,56,,,,1.7,13,6.5,313,,,24.8,,,,,2026-05-28 15:56:00
2026,5,28,16,26,,,,1.6,11,6.1,345,,,24.8,,,,,2026-05-28 16:26:00
2026,5,28,16,56,,,,1.6,13,6.1,313,,,24.8,,,,,2026-05-28 16:56:00
2026,5,28,17,26,,,,1.7,13,6.3,323,,,24.8,,,,,2026-05-28 17:26:00
2026,5,28,17,56,,,,1.8,13,6.8,320,,,24.8,,,,,2026-05-28 17:56:00
2026,5,28,18,26,,,,1.7,12,6.6,342,,,24.8,,,,,2026-05-28 18:26:00
2026,5,28,18,56,,,,1.8,13,6.6,325,,,24.9,,,,,2026-05-28 18:56:00
2026,5,28,19,26,,,,1.6,13,6.3,318,,,24.9,,,,,2026-05-28 19:26:00
2026,5,28,19,56,,,,1.6,11,6.2,354,,,24.9,,,,,2026-05-28 19:56:00
2026,5,28,20,26,,,,1.6,13,6.2,330,,,24.9,,,,,2026-05-28 20:26:00
2026,5,28,20,56,,,,1.7,12,6.6,349,,,24.9,,,,,2026-05-28 20:56:00
2026,5,28,21,26,,,,1.7,13,6.5,320,,,24.9,,,,,2026-05-28 21:26:00
2026,5,28,21,56,,,,1.7,13,6.7,327,,,24.9,,,,,2026-05-28 21:56:00
2026,5,28,22,26,,,,1.7,13,6.6,325,,,24.9,,,,,2026-05-28 22:26:00
2026,5,28,22,56,,,,1.6,13,6.3,334,,,24.9,,,,,2026-05-28 22:56:00
2026,5,28,23,56,,,,1.7,13,6.3,325,,,24.9,,,,,2026-05-28 23:56:00
2026,5,29,0,26,,,,1.8,13,6.2,323,,,24.9,,,,,2026-05-29 00:26:00
2026,5,29,0,56,,,,1.8,13,6.7,327,,,24.9,,,,,2026-05-29 00:56:00
2026,5,29,1,26,,,,1.8,13,7.0,335,,,24.9,,,,,2026-05-29 01:26:00
2026,5,29,1,56,,,,1.6,13,6.6,321,,,24.9,,,,,2026-05-29 01:56:00
2026,5,29,2,26,,,,1.6,11,6.6,338,,,24.9,,,,,2026-05-29 02:26:00
2026,5,29,2,56,,,,1.7,12,7.0,341,,,24.9,,,,,2026-05-29 02:56:00
2026,5,29,3,26,,,,1.7,13,7.0,337,,,24.9,,,,,2026-05-29 03:26:00
2026,5,29,3,56,,,,1.7,13,6.9,338,,,24.9,,,,,2026-05-29 03:56:00
2026,5,29,4,26,,,,1.7,13,6.6,335,,,24.9,,,,,2026-05-29 04:26:00
2026,5,29,4,56,,,,1.8,13,7.1,331,,,24.9,,,,,2026-05-29 04:56:00
2026,5,29,5,26,,,,1.8,12,6.7,347,,,24.9,,,,,2026-05-29 05:26:00
2026,5,29,6,26,,,,1.7,13,7.4,331,,,24.9,,,,,2026-05-29 06:26:00
2026,5,29,6,56,,,,1.8,13,7.7,339,,,24.9,,,,,2026-05-29 06:56:00
2026,5,29,7,26,,,,1.8,12,7.7,349,,,24.9,,,,,2026-05-29 07:26:00
2026,5,29,7,56,,,,1.7,13,7.0,324,,,25.0,,,,,2026-05-29 07:56:00
2026,5,29,8,26,,,,1.7,13,6.7,330,,,25.0,,,,,2026-05-29 08:26:00
2026,5,29,8,56,,,,1.8,11,7.0,344,,,25.0,,,,,2026-05-29 08:56:00
2026,5,29,9,26,,,,1.7,13,7.2,334,,,25.0,,,,,2026-05-29 09:26:00
2026,5,29,9,56,,,,1.6,12,6.8,337,,,25.0,,,,,2026-05-29 09:56:00
2026,5,29,10,26,,,,1.6,12,6.7,342,,,25.0,,,,,2026-05-29 10:26:00
2026,5,29,10,56,,,,1.4,11,6.1,355,,,25.0,,,,,2026-05-29 10:56:00
2026,5,29,11,26,,,,1.6,12,6.5,324,,,25.0,,,,,2026-05-29 11:26:00
2026,5,29,11,56,,,,1.7,11,6.8,348,,,25.0,,,,,2026-05-29 11:56:00
2026,5,29,12,26,,,,1.6,11,6.6,352,,,25.0,,,,,2026-05-29 12:26:00
2026,5,29,12,56,,,,1.6,13,6.3,338,,,24.9,,,,,2026-05-29 12:56:00
2026,5,29,13,26,,,,1.6,13,6.2,339,,,24.9,,,,,2026-05-29 13:26:00
2026,5,29,13,56,,,,1.6,11,6.4,338,,,24.9,,,,,2026-05-29 13:56:00
2026,5,29,14,26,,,,1.6,12,6.4,330,,,24.9,,,,,2026-05-29 14:26:00
2026,5,29,14,56,,,,1.6,12,6.5,355,,,24.9,,,,,2026-05-29 14:56:00
2026,5,29,15,26,,,,1.5,11,6.1,349,,,24.9,,,,,2026-05-29 15:26:00
2026,5,29,15,56,,,,1.6,12,6.4,334,,,24.9,,,,,2026-05-29 15:56:00
2026,5,29,16,26,,,,1.6,12,6.2,331,,,24.9,,,,,2026-05-29 16:26:00
2026,5,29,16,56,,,,1.5,12,6.1,342,,,24.9,,,,,2026-05-29 16:56:00
2026,5,29,17,26,,,,1.6,11,6.7,2,,,24.9,,,,,2026-05-29 17:26:00
2026,5,29,17,56,,,,1.6,12,6.6,342,,,24.9,,,,,2026-05-29 17:56:00
2026,5,29,18,26,,,,1.6,12,6.7,347,,,24.9,,,,,2026-05-29 18:26:00
2026,5,29,18,56,,,,1.6,12,6.5,337,,,25.0,,,,,2026-05-29 18:56:00
2026,5,29,19,26,,,,1.6,12,6.7,344,,,24.9,,,,,2026-05-29 19:26:00
2026,5,29,19,56,,,,1.7,11,6.6,348,,,24.9,,,,,2026-05-29 19:56:00
2026,5,29,20,26,,,,1.6,10,6.3,1,,,25.0,,,,,2026-05-29 20:26:00
2026,5,29,20,56,,,,1.7,11,6.7,2,,,25.0,,,,,2026-05-29 20:56:00
2026,5,29,21,26,,,,1.8,12,6.6,347,,,25.0,,,,,2026-05-29 21:26:00
2026,5,29,21,56,,,,1.7,12,6.6,342,,,25.0,,,,,2026-05-29 21:56:00
2026,5,29,22,26,,,,1.6,11,6.6,3,,,25.0,,,,,2026-05-29 22:26:00
2026,5,29,22,56,,,,1.7,12,6.7,347,,,25.1,,,,,2026-05-29 22:56:00
2026,5,29,23,26,,,,1.7,12,6.4,339,,,25.1,,,,,2026-05-29 23:26:00
2026,5,29,23,56,,,,1.6,11,6.2,349,,,25.1,,,,,2026-05-29 23:56:00
2026,5,30,0,26,,,,1.7,11,6.4,334,,,25.1,,,,,2026-05-30 00:26:00
2026,5,30,0,56,,,,1.7,11,6.5,337,,,25.1,,,,,2026-05-30 00:56:00
2026,5,30,1,26,,,,1.6,12,5.9,1,,,25.1,,,,,2026-05-30 01:26:00
2026,5,30,1,56,,,,1.6,11,6.2,332,,,25.1,,,,,2026-05-30 01:56:00
2026,5,30,2,26,,,,1.5,12,6.3,338,,,25.1,,,,,2026-05-30 02:26:00
2026,5,30,2,56,,,,1.6,11,6.4,338,,,25.1,,,,,2026-05-30 02:56:00
2026,5,30,3,26,,,,1.5,11,6.1,347,,,25.1,,,,,2026-05-30 03:26:00
2026,5,30,3,56,,,,1.4,11,6.1,352,,,25.1,,,,,2026-05-30 03:56:00
2026,5,30,4,26,,,,1.5,12,6.1,341,,,25.1,,,,,2026-05-30 04:26:00
2026,5,30,4,56,,,,1.5,10,6.1,358,,,25.1,,,,,2026-05-30 04:56:00
2026,5,30,5,26,,,,1.6,11,6.4,354,,,25.0,,,,,2026-05-30 05:26:00
2026,5,30,5,56,,,,1.7,12,6.2,347,,,25.0,,,,,2026-05-30 05:56:00
2026,5,30,6,26,,,,1.6,12,6.4,8,,,25.0,,,,,2026-05-30 06:26:00
2026,5,30,6,56,,,,1.6,11,6.2,352,,,25.0,,,,,2026-05-30 06:56:00
2026,5,30,7,26,,,,1.6,12,6.3,2,,,25.0,,,,,2026-05-30 07:26:00
2026,5,30,7,56,,,,1.6,11,6.5,5,,,25.0,,,,,2026-05-30 07:56:00
2026,5,30,8,26,,,,1.5,12,6.3,337,,,25.0,,,,,2026-05-30 08:26:00
2026,5,30,8,56,,,,1.5,11,6.1,5,,,25.0,,,,,2026-05-30 08:56:00
2026,5,30,9,26,,,,1.4,11,5.9,6,,,25.0,,,,,2026-05-30 09:26:00
2026,5,30,9,56,,,,1.5,11,6.2,347,,,25.0,,,,,2026-05-30 09:56:00
2026,5,30,10,26,,,,1.6,11,6.2,351,,,24.9,,,,,2026-05-30 10:26:00
2026,5,30,10,56,,,,1.6,12,6.4,338,,,25.0,,,,,2026-05-30 10:56:00
2026,5,30,11,26,,,,1.5,11,6.2,358,,,25.0,,,,,2026-05-30 11:26:00
2026,5,30,11,56,,,,1.6,11,6.5,345,,,25.0,,,,,2026-05-30 11:56:00
2026,5,30,12,26,,,,1.4,11,6.1,347,,,25.0,,,,,2026-05-30 12:26:00
2026,5,30,12,56,,,,1.5,11,6.3,6,,,25.0,,,,,2026-05-30 12:56:00
2026,5,30,13,26,,,,1.5,11,6.5,356,,,25.0,,,,,2026-05-30 13:26:00
2026,5,30,13,56,,,,1.5,11,6.3,335,,,25.0,,,,,2026-05-30 13:56:00
2026,5,30,14,26,,,,1.4,11,6.1,351,,,25.0,,,,,2026-05-30 14:26:00
2026,5,30,14,56,,,,1.6,11,6.3,348,,,25.0,,,,,2026-05-30 14:56:00
2026,5,30,15,26,,,,1.6,9,6.1,1,,,25.0,,,,,2026-05-30 15:26:00
2026,5,30,15,56,,,,1.5,11,6.1,344,,,25.0,,,,,2026-05-30 15:56:00
2026,5,30,16,26,,,,1.5,11,6.2,354,,,25.0,,,,,2026-05-30 16:26:00
2026,5,30,16,56,,,,1.5,11,6.2,349,,,25.0,,,,,2026-05-30 16:56:00
2026,5,30,17,26,,,,1.5,10,6.8,351,,,25.0,,,,,2026-05-30 17:26:00
2026,5,30,17,56,,,,1.5,11,6.5,354,,,25.0,,,,,2026-05-30 17:56:00
2026,5,30,18,26,,,,1.5,11,6.2,349,,,25.0,,,,,2026-05-30 18:26:00
2026,5,30,18,56,,,,1.5,11,6.5,359,,,24.9,,,,,2026-05-30 18:56:00
2026,5,30,19,26,,,,1.4,9,6.3,1,,,25.0,,,,,2026-05-30 19:26:00
2026,5,30,19,56,,,,1.5,10,6.5,339,,,25.0,,,,,2026-05-30 19:56:00
2026,5,30,20,26,,,,1.5,11,6.5,1,,,25.0,,,,,2026-05-30 20:26:00
2026,5,30,20,56,,,,1.4,11,6.4,2,,,25.0,,,,,2026-05-30 20:56:00
2026,5,30,21,26,,,,1.5,9,6.3,5,,,25.0,,,,,2026-05-30 21:26:00
2026,5,30,21,56,,,,1.5,11,6.5,1,,,25.0,,,,,2026-05-30 21:56:00
2026,5,30,22,26,,,,1.4,11,6.1,352,,,25.0,,,,,2026-05-30 22:26:00
2026,5,30,22,56,,,,1.4,11,6.1,355,,,25.0,,,,,2026-05-30 22:56:00
2026,5,30,23,56,,,,1.5,8,6.1,9,,,25.0,,,,,2026-05-30 23:56:00
2026,5,31,0,26,,,,1.5,11,5.8,344,,,25.0,,,,,2026-05-31 00:26:00
2026,5,31,0,56,,,,1.5,8,5.9,358,,,25.1,,,,,2026-05-31 00:56:00
2026,5,31,1,26,,,,1.5,11,5.8,347,,,25.1,,,,,2026-05-31 01:26:00
2026,5,31,1,56,,,,1.6,10,6.0,344,,,25.1,,,,,2026-05-31 01:56:00
2026,5,31,2,26,,,,1.4,9,5.6,354,,,25.1,,,,,2026-05-31 02:26:00
2026,5,31,2,56,,,,1.4,8,5.8,24,,,25.1,,,,,2026-05-31 02:56:00
2026,5,31,3,26,,,,1.4,10,5.9,344,,,25.1,,,,,2026-05-31 03:26:00
2026,5,31,3,56,,,,1.5,10,6.3,348,,,25.1,,,,,2026-05-31 03:56:00
2026,5,31,4,26,,,,1.3,9,5.6,354,,,25.1,,,,,2026-05-31 04:26:00
2026,5,31,4,56,,,,1.4,9,6.1,352,,,25.1,,,,,2026-05-31 04:56:00
2026,5,31,5,26,,,,1.4,7,6.0,20,,,25.1,,,,,2026-05-31 05:26:00
2026,5,31,6,26,,,,1.4,10,6.5,342,,,25.0,,,,,2026-05-31 06:26:00
2026,5,31,6,56,,,,1.4,9,6.4,351,,,25.0,,,,,2026-05-31 06:56:00
2026,5,31,7,26,,,,1.3,8,6.2,1,,,25.1,,,,,2026-05-31 07:26:00
2026,5,31,8,56,,,,1.2,10,6.7,356,,,25.0,,,,,2026-05-31 08:56:00
2026,5,31,9,26,,,,1.2,8,6.3,8,,,24.9,,,,,2026-05-31 09:26:00
2026,5,31,9,56,,,,1.1,8,6.0,8,,,24.9,,,,,2026-05-31 09:56:00
2026,5,31,10,26,,,,1.3,9,6.6,358,,,24.9,,,,,2026-05-31 10:26:00
2026,5,31,10,56,,,,1.3,8,6.2,1,,,24.9,,,,,2026-05-31 10:56:00
2026,5,31,11,26,,,,1.3,17,6.4,252,,,24.9,,,,,2026-05-31 11:26:00
2026,5,31,11,56,,,,1.2,8,6.1,19,,,24.9,,,,,2026-05-31 11:56:00
2026,5,31,12,26,,,,1.3,8,6.2,6,,,24.9,,,,,2026-05-31 12:26:00
2026,5,31,12,56,,,,1.3,8,6.2,1,,,24.9,,,,,2026-05-31 12:56:00
2026,5,31,13,26,,,,1.2,8,6.0,5,,,24.9,,,,,2026-05-31 13:26:00
2026,5,31,13,56,,,,1.2,9,6.1,348,,,24.9,,,,,2026-05-31 13:56:00
2026,5,31,14,26,,,,1.2,8,6.0,8,,,24.9,,,,,2026-05-31 14:26:00
2026,5,31,14,56,,,,1.2,10,6.1,351,,,24.9,,,,,2026-05-31 14:56:00
2026,5,31,15,26,,,,1.2,9,6.1,356,,,24.9,,,,,2026-05-31 15:26:00
2026,5,31,15,56,,,,1.1,8,5.9,8,,,24.9,,,,,2026-05-31 15:56:00
2026,5,31,16,26,,,,1.2,8,6.0,8,,,24.9,,,,,2026-05-31 16:26:00
2026,5,31,16,56,,,,1.2,8,5.7,5,,,24.9,,,,,2026-05-31 16:56:00
2026,5,31,17,26,,,,1.3,8,5.9,8,,,24.9,,,,,2026-05-31 17:26:00
2026,5,31,17,56,,,,1.2,8,6.0,8,,,24.9,,,,,2026-05-31 17:56:00
2026,5,31,18,26,,,,1.2,9,6.1,8,,,24.9,,,,,2026-05-31 18:26:00
2026,5,31,18,56,,,,1.2,8,6.0,9,,,24.9,,,,,2026-05-31 18:56:00
2026,5,31,19,26,,,,1.2,8,6.2,3,,,25.0,,,,,2026-05-31 19:26:00
2026,5,31,19,56,,,,1.2,8,6.2,5,,,24.9,,,,,2026-05-31 19:56:00
2026,5,31,20,26,,,,1.2,8,6.3,10,,,24.9,,,,,2026-05-31 20:26:00
2026,5,31,20,56,,,,1.3,8,6.2,12,,,24.9,,,,,2026-05-31 20:56:00
2026,5,31,21,26,,,,1.4,8,6.2,6,,,24.9,,,,,2026-05-31 21:26:00
2026,5,31,21,56,,,,1.3,8,5.8,12,,,25.0,,,,,2026-05-31 21:56:00
2026,5,31,22,26,,,,1.2,8,5.6,8,,,25.0,,,,,2026-05-31 22:26:00
2026,5,31,22,56,,,,1.3,8,6.1,29,,,25.1,,,,,2026-05-31 22:56:00
2026,5,31,23,56,,,,1.2,8,5.8,16,,,25.1,,,,,2026-05-31 23:56:00
2026,6,1,0,56,,,,1.1,8,5.4,20,,,25.1,,,,,2026-06-01 00:56:00
2026,6,1,1,26,,,,1.2,9,5.2,351,,,25.1,,,,,2026-06-01 01:26:00
2026,6,1,1,56,,,,1.2,8,5.2,5,,,25.1,,,,,2026-06-01 01:56:00
2026,6,1,2,26,,,,1.3,8,5.2,20,,,25.1,,,,,2026-06-01 02:26:00
2026,6,1,2,56,,,,1.2,8,5.2,12,,,25.1,,,,,2026-06-01 02:56:00
2026,6,1,3,26,,,,1.2,7,5.0,24,,,25.1,,,,,2026-06-01 03:26:00
2026,6,1,3,56,,,,1.2,8,5.1,13,,,25.1,,,,,2026-06-01 03:56:00
2026,6,1,4,26,,,,1.2,8,5.0,9,,,25.1,,,,,2026-06-01 04:26:00
2026,6,1,4,56,,,,1.1,8,4.7,8,,,25.1,,,,,2026-06-01 04:56:00
2026,6,1,5,26,,,,1.1,8,4.9,356,,,25.0,,,,,2026-06-01 05:26:00
2026,6,1,5,56,,,,1.2,8,5.3,1,,,25.0,,,,,2026-06-01 05:56:00
2026,6,1,6,26,,,,1.2,8,5.3,5,,,25.0,,,,,2026-06-01 06:26:00
2026,6,1,6,56,,,,1.2,8,5.7,1,,,25.0,,,,,2026-06-01 06:56:00
2026,6,1,7,26,,,,1.1,8,5.6,3,,,25.0,,,,,2026-06-01 07:26:00
2026,6,1,7,56,,,,1.1,8,5.8,15,,,25.0,,,,,2026-06-01 07:56:00
2026,6,1,8,26,,,,1.1,8,5.9,2,,,25.0,,,,,2026-06-01 08:26:00
2026,6,1,8,56,,,,1.1,8,5.9,1,,,25.0,,,,,2026-06-01 08:56:00
2026,6,1,9,26,,,,1.1,8,6.1,1,,,25.1,,,,,2026-06-01 09:26:00
2026,6,1,9,56,,,,1.2,8,6.0,15,,,25.0,,,,,2026-06-01 09:56:00
2026,6,1,10,26,,,,1.3,8,5.8,15,,,25.0,,,,,2026-06-01 10:26:00
2026,6,1,10,56,,,,1.3,8,5.6,5,,,25.0,,,,,2026-06-01 10:56:00
2026,6,1,11,26,,,,1.3,8,5.6,16,,,25.0,,,,,2026-06-01 11:26:00
2026,6,1,11,56,,,,1.3,8,5.6,12,,,25.0,,,,,2026-06-01 11:56:00
2026,6,1,12,26,,,,1.3,8,5.5,15,,,25.0,,,,,2026-06-01 12:26:00
2026,6,1,12,56,,,,1.3,8,5.4,10,,,25.0,,,,,2026-06-01 12:56:00
2026,6,1,13,26,,,,1.4,8,5.3,10,,,24.9,,,,,2026-06-01 13:26:00
2026,6,1,13,56,,,,1.3,11,5.3,341,,,24.9,,,,,2026-06-01 13:56:00
2026,6,1,14,26,,,,1.3,7,5.3,15,,,24.9,,,,,2026-06-01 14:26:00
2026,6,1,14,56,,,,1.3,8,5.1,16,,,24.9,,,,,2026-06-01 14:56:00
2026,6,1,15,26,,,,1.2,8,5.3,3,,,24.9,,,,,2026-06-01 15:26:00
2026,6,1,15,56,,,,1.2,10,5.5,355,,,24.9,,,,,2026-06-01 15:56:00
2026,6,1,16,26,,,,1.1,7,5.5,16,,,24.9,,,,,2026-06-01 16:26:00
2026,6,1,16,56,,,,1.2,9,5.5,356,,,24.9,,,,,2026-06-01 16:56:00
2026,6,1,17,26,,,,1.2,10,5.6,349,,,24.9,,,,,2026-06-01 17:26:00
2026,6,1,17,56,,,,1.1,11,5.5,348,,,24.9,,,,,2026-06-01 17:56:00
2026,6,1,18,26,,,,1.3,11,5.7,348,,,24.9,,,,,2026-06-01 18:26:00
2026,6,1,18,56,,,,1.3,10,5.7,354,,,24.9,,,,,2026-06-01 18:56:00
2026,6,1,19,26,,,,1.2,10,5.8,347,,,24.9,,,,,2026-06-01 19:26:00
2026,6,1,19,56,,,,1.2,9,5.7,19,,,24.9,,,,,2026-06-01 19:56:00
2026,6,1,20,26,,,,1.2,7,5.4,27,,,24.9,,,,,2026-06-01 20:26:00
2026,6,1,20,56,,,,1.3,10,5.8,349,,,25.0,,,,,2026-06-01 20:56:00
2026,6,1,21,26,,,,1.3,9,5.6,10,,,25.0,,,,,2026-06-01 21:26:00
2026,6,1,21,56,,,,1.3,8,5.6,29,,,25.0,,,,,2026-06-01 21:56:00
2026,6,1,22,26,,,,1.3,10,5.3,359,,,25.0,,,,,2026-06-01 22:26:00
2026,6,1,22,56,,,,1.2,8,5.3,19,,,25.0,,,,,2026-06-01 22:56:00
2026,6,1,23,56,,,,1.1,9,4.7,356,,,25.1,,,,,2026-06-01 23:56:00
2026,6,2,0,26,,,,1.2,9,4.8,349,,,25.1,,,,,2026-06-02 00:26:00
2026,6,2,0,56,,,,1.1,10,4.7,354,,,25.2,,,,,2026-06-02 00:56:00
2026,6,2,1,26,,,,1.1,9,4.7,1,,,25.2,,,,,2026-06-02 01:26:00
2026,6,2,1,56,,,,1.1,10,4.7,341,,,25.2,,,,,2026-06-02 01:56:00
2026,6,2,2,26,,,,1.1,7,4.4,29,,,25.1,,,,,2026-06-02 02:26:00
2026,6,2,2,56,,,,1.1,8,4.4,347,,,25.1,,,,,2026-06-02 02:56:00
2026,6,2,3,26,,,,1.1,9,4.4,348,,,25.1,,,,,2026-06-02 03:26:00
2026,6,2,3,56,,,,1.1,10,4.2,339,,,25.1,,,,,2026-06-02 03:56:00
2026,6,2,4,26,,,,1.1,8,4.5,355,,,25.1,,,,,2026-06-02 04:26:00
2026,6,2,4,56,,,,1.1,9,4.5,339,,,25.0,,,,,2026-06-02 04:56:00
2026,6,2,5,26,,,,1.1,9,4.4,339,,,25.0,,,,,2026-06-02 05:26:00
2026,6,2,5,56,,,,1.1,9,4.5,352,,,25.0,,,,,2026-06-02 05:56:00
2026,6,2,6,26,,,,1.1,8,4.7,2,,,25.0,,,,,2026-06-02 06:26:00
2026,6,2,6,56,,,,1.1,7,4.8,12,,,25.0,,,,,2026-06-02 06:56:00
2026,6,2,7,26,,,,1.2,9,4.7,351,,,24.9,,,,,2026-06-02 07:26:00
2026,6,2,7,56,,,,1.1,8,4.5,359,,,24.9,,,,,2026-06-02 07:56:00
2026,6,2,8,26,,,,1.1,7,4.5,2,,,24.9,,,,,2026-06-02 08:26:00
2026,6,2,8,56,,,,1.0,8,4.8,352,,,24.9,,,,,2026-06-02 08:56:00
2026,6,2,9,26,,,,1.0,9,5.0,349,,,24.9,,,,,2026-06-02 09:26:00
2026,6,2,9,56,,,,1.1,9,5.0,331,,,24.9,,,,,2026-06-02 09:56:00
2026,6,2,10,26,,,,1.0,9,4.9,339,,,24.9,,,,,2026-06-02 10:26:00
2026,6,2,10,56,,,,1.0,10,5.1,342,,,24.9,,,,,2026-06-02 10:56:00
2026,6,2,11,26,,,,1.0,9,5.0,349,,,25.0,,,,,2026-06-02 11:26:00
2026,6,2,11,56,,,,1.1,9,5.1,2,,,25.0,,,,,2026-06-02 11:56:00
2026,6,2,12,26,,,,1.2,9,5.4,1,,,25.0,,,,,2026-06-02 12:26:00
2026,6,2,12,56,,,,1.1,9,5.1,5,,,25.0,,,,,2026-06-02 12:56:00
2026,6,2,13,26,,,,1.2,9,5.3,12,,,25.0,,,,,2026-06-02 13:26:00
2026,6,2,13,56,,,,1.2,9,5.0,5,,,25.0,,,,,2026-06-02 13:56:00
2026,6,2,14,26,,,,1.2,9,5.1,358,,,25.0,,,,,2026-06-02 14:26:00
2026,6,2,14,56,,,,1.2,9,4.9,10,,,25.0,,,,,2026-06-02 14:56:00
2026,6,2,15,26,,,,1.2,7,4.9,19,,,25.0,,,,,2026-06-02 15:26:00
2026,6,2,15,56,,,,1.2,9,5.0,5,,,25.0,,,,,2026-06-02 15:56:00
2026,6,2,16,26,,,,1.2,8,4.9,10,,,24.9,,,,,2026-06-02 16:26:00
2026,6,2,16,56,,,,1.3,9,4.9,358,,,25.0,,,,,2026-06-02 16:56:00
2026,6,2,17,26,,,,1.2,9,4.9,342,,,25.0,,,,,2026-06-02 17:26:00
2026,6,2,17,56,,,,1.3,5,4.8,41,,,25.0,,,,,2026-06-02 17:56:00
2026,6,2,18,26,,,,1.3,8,4.9,10,,,25.0,,,,,2026-06-02 18:26:00
2026,6,2,18,56,,,,1.3,6,5.0,47,,,25.0,,,,,2026-06-02 18:56:00
2026,6,2,19,26,,,,1.3,8,5.1,13,,,25.0,,,,,2026-06-02 19:26:00
2026,6,2,19,56,,,,1.3,6,5.1,44,,,25.0,,,,,2026-06-02 19:56:00
2026,6,2,20,26,,,,1.2,5,5.1,40,,,25.0,,,,,2026-06-02 20:26:00
2026,6,2,20,56,,,,1.2,6,5.4,43,,,25.0,,,,,2026-06-02 20:56:00
2026,6,2,21,26,,,,1.1,5,5.1,37,,,25.0,,,,,2026-06-02 21:26:00
2026,6,2,21,56,,,,1.3,17,5.3,252,,,25.0,,,,,2026-06-02 21:56:00
2026,6,2,22,26,,,,1.3,6,5.1,39,,,25.0,,,,,2026-06-02 22:26:00
2026,6,2,22,56,,,,1.2,6,5.1,41,,,25.0,,,,,2026-06-02 22:56:00
2026,6,2,23,26,,,,1.3,6,5.1,46,,,25.1,,,,,2026-06-02 23:26:00
2026,6,2,23,56,,,,1.2,6,5.0,41,,,25.1,,,,,2026-06-02 23:56:00
2026,6,3,0,26,,,,1.3,6,5.2,37,,,25.1,,,,,2026-06-03 00:26:00
2026,6,3,0,56,,,,1.2,6,4.9,40,,,25.0,,,,,2026-06-03 00:56:00
2026,6,3,1,26,,,,1.3,7,4.9,39,,,25.1,,,,,2026-06-03 01:26:00
2026,6,3,1,56,,,,1.2,6,5.1,33,,,25.0,,,,,2026-06-03 01:56:00
2026,6,3,2,26,,,,1.2,6,4.8,50,,,25.0,,,,,2026-06-03 02:26:00
2026,6,3,2,56,,,,1.2,11,4.8,351,,,25.0,,,,,2026-06-03 02:56:00
2026,6,3,3,26,,,,1.2,6,4.8,48,,,25.0,,,,,2026-06-03 03:26:00
2026,6,3,3,56,,,,1.2,11,5.0,345,,,25.0,,,,,2026-06-03 03:56:00
2026,6,3,4,26,,,,1.2,11,4.9,352,,,25.0,,,,,2026-06-03 04:26:00
2026,6,3,4,56,,,,1.3,11,5.1,352,,,25.0,,,,,2026-06-03 04:56:00
2026,6,3,5,26,,,,1.2,11,4.8,347,,,25.0,,,,,2026-06-03 05:26:00
2026,6,3,5,56,,,,1.3,11,5.3,349,,,25.0,,,,,2026-06-03 05:56:00
2026,6,3,6,26,,,,1.3,11,5.2,347,,,25.0,,,,,2026-06-03 06:26:00
2026,6,3,6,56,,,,1.3,11,5.4,355,,,24.9,,,,,2026-06-03 06:56:00
2026,6,3,7,26,,,,1.3,10,5.4,348,,,24.9,,,,,2026-06-03 07:26:00
2026,6,3,7,56,,,,1.2,10,5.3,352,,,24.9,,,,,2026-06-03 07:56:00
2026,6,3,8,26,,,,1.2,10,5.5,349,,,24.9,,,,,2026-06-03 08:26:00
2026,6,3,8,56,,,,1.1,10,5.2,355,,,24.9,,,,,2026-06-03 08:56:00
2026,6,3,9,26,,,,1.1,10,5.3,355,,,24.9,,,,,2026-06-03 09:26:00
2026,6,3,9,56,,,,1.0,9,5.6,358,,,24.9,,,,,2026-06-03 09:56:00
2026,6,3,10,26,,,,1.0,10,5.9,352,,,24.9,,,,,2026-06-03 10:26:00
2026,6,3,10,56,,,,1.0,9,5.7,1,,,24.9,,,,,2026-06-03 10:56:00
2026,6,3,11,26,,,,1.0,10,5.4,358,,,24.9,,,,,2026-06-03 11:26:00
2026,6,3,11,56,,,,1.2,10,5.8,356,,,24.9,,,,,2026-06-03 11:56:00
2026,6,3,12,26,,,,1.1,10,5.8,348,,,24.9,,,,,2026-06-03 12:26:00
2026,6,3,12,56,,,,1.2,8,5.8,10,,,24.8,,,,,2026-06-03 12:56:00
2026,6,3,13,26,,,,1.2,10,5.9,347,,,24.8,,,,,2026-06-03 13:26:00
2026,6,3,13,56,,,,1.3,8,5.8,10,,,24.9,,,,,2026-06-03 13:56:00
2026,6,3,14,26,,,,1.3,8,5.7,23,,,24.9,,,,,2026-06-03 14:26:00
2026,6,3,14,56,,,,1.3,8,5.8,26,,,24.9,,,,,2026-06-03 14:56:00
2026,6,3,15,26,,,,1.3,8,5.7,9,,,24.9,,,,,2026-06-03 15:26:00
2026,6,3,15,56,,,,1.2,8,5.5,32,,,24.9,,,,,2026-06-03 15:56:00
2026,6,3,16,26,,,,1.3,9,5.5,6,,,24.9,,,,,2026-06-03 16:26:00
2026,6,3,16,56,,,,1.2,9,5.4,348,,,24.9,,,,,2026-06-03 16:56:00
2026,6,3,17,26,,,,1.3,8,5.4,9,,,25.0,,,,,2026-06-03 17:26:00
2026,6,3,17,56,,,,1.3,9,5.3,355,,,25.0,,,,,2026-06-03 17:56:00
2026,6,3,18,26,,,,1.2,9,5.2,349,,,25.0,,,,,2026-06-03 18:26:00
2026,6,3,18,56,,,,1.2,6,5.2,40,,,25.0,,,,,2026-06-03 18:56:00
2026,6,3,19,26,,,,1.2,7,5.5,37,,,24.9,,,,,2026-06-03 19:26:00
2026,6,3,19,56,,,,1.3,6,5.4,43,,,24.9,,,,,2026-06-03 19:56:00
2026,6,3,20,26,,,,1.3,18,5.8,248,,,25.0,,,,,2026-06-03 20:26:00
2026,6,3,20,56,,,,1.3,8,5.6,10,,,25.0,,,,,2026-06-03 20:56:00
2026,6,3,21,26,,,,1.4,8,5.9,15,,,25.1,,,,,2026-06-03 21:26:00
2026,6,3,21,56,,,,1.3,6,5.6,43,,,25.1,,,,,2026-06-03 21:56:00
2026,6,3,22,26,,,,1.3,8,5.7,9,,,25.1,,,,,2026-06-03 22:26:00
2026,6,3,22,56,,,,1.3,8,5.6,2,,,25.2,,,,,2026-06-03 22:56:00
2026,6,3,23,26,,,,1.2,17,5.5,242,,,25.2,,,,,2026-06-03 23:26:00
2026,6,3,23,56,,,,1.2,17,5.6,261,,,25.2,,,,,2026-06-03 23:56:00
2026,6,4,0,26,,,,1.2,8,5.4,15,,,25.2,,,,,2026-06-04 00:26:00
2026,6,4,0,56,,,,1.3,8,5.5,17,,,25.2,,,,,2026-06-04 00:56:00
2026,6,4,1,26,,,,1.3,7,5.2,37,,,25.2,,,,,2026-06-04 01:26:00
2026,6,4,1,56,,,,1.3,6,5.3,44,,,25.2,,,,,2026-06-04 01:56:00
2026,6,4,2,26,,,,1.3,6,5.3,46,,,25.2,,,,,2026-06-04 02:26:00
2026,6,4,2,56,,,,1.3,7,5.2,44,,,25.2,,,,,2026-06-04 02:56:00
2026,6,4,3,26,,,,1.3,17,5.1,249,,,25.2,,,,,2026-06-04 03:26:00
2026,6,4,3,56,,,,1.3,7,5.0,37,,,25.2,,,,,2026-06-04 03:56:00
2026,6,4,4,26,,,,1.3,17,5.1,268,,,25.2,,,,,2026-06-04 04:26:00
2026,6,4,4,56,,,,1.2,17,5.1,257,,,25.2,,,,,2026-06-04 04:56:00
2026,6,4,5,26,,,,1.2,6,4.8,44,,,25.2,,,,,2026-06-04 05:26:00
2026,6,4,5,56,,,,1.2,17,4.6,264,,,25.2,,,,,2026-06-04 05:56:00
2026,6,4,6,26,,,,1.2,17,4.9,252,,,25.2,,,,,2026-06-04 06:26:00
2026,6,4,6,56,,,,1.2,17,4.9,249,,,25.2,,,,,2026-06-04 06:56:00
2026,6,4,7,26,,,,1.2,17,4.9,266,,,25.2,,,,,2026-06-04 07:26:00
2026,6,4,7,56,,,,1.2,17,5.0,254,,,25.2,,,,,2026-06-04 07:56:00
2026,6,4,8,26,,,,1.3,15,5.2,255,,,25.1,,,,,2026-06-04 08:26:00
2026,6,4,8,56,,,,1.3,5,5.2,46,,,25.1,,,,,2026-06-04 08:56:00
2026,6,4,9,26,,,,1.3,17,5.3,252,,,25.1,,,,,2026-06-04 09:26:00
2026,6,4,9,56,,,,1.3,17,5.5,258,,,25.1,,,,,2026-06-04 09:56:00
2026,6,4,10,26,,,,1.2,17,5.4,247,,,25.1,,,,,2026-06-04 10:26:00
2026,6,4,10,56,,,,1.2,6,5.3,40,,,25.1,,,,,2026-06-04 10:56:00
2026,6,4,11,26,,,,1.1,8,5.4,344,,,25.1,,,,,2026-06-04 11:26:00
2026,6,4,11,56,,,,1.2,8,5.6,348,,,25.1,,,,,2026-06-04 11:56:00
2026,6,4,12,26,,,,1.2,6,5.6,40,,,25.1,,,,,2026-06-04 12:26:00
2026,6,4,12,56,,,,1.1,6,5.5,37,,,25.1,,,,,2026-06-04 12:56:00
2026,6,4,13,26,,,,1.3,6,5.5,36,,,25.2,,,,,2026-06-04 13:26:00
2026,6,4,13,56,,,,1.2,7,5.5,39,,,25.2,,,,,2026-06-04 13:56:00
2026,6,4,14,26,,,,1.3,6,5.5,40,,,25.2,,,,,2026-06-04 14:26:00
2026,6,4,14,56,,,,1.3,6,5.7,46,,,25.2,,,,,2026-06-04 14:56:00
2026,6,4,15,26,,,,1.3,7,5.7,43,,,25.1,,,,,2026-06-04 15:26:00
2026,6,4,15,56,,,,1.3,6,5.6,40,,,25.1,,,,,2026-06-04 15:56:00
2026,6,4,16,26,,,,1.3,6,5.5,43,,,25.2,,,,,2026-06-04 16:26:00
2026,6,4,16,56,,,,1.3,6,5.7,41,,,25.2,,,,,2026-06-04 16:56:00
2026,6,4,17,26,,,,1.2,6,5.5,47,,,25.2,,,,,2026-06-04 17:26:00
2026,6,4,17,56,,,,1.3,6,5.6,39,,,25.2,,,,,2026-06-04 17:56:00
2026,6,4,18,26,,,,1.3,7,5.6,37,,,25.2,,,,,2026-06-04 18:26:00
2026,6,4,18,56,,,,1.3,7,6.0,40,,,25.2,,,,,2026-06-04 18:56:00
2026,6,4,19,26,,,,1.3,6,5.7,44,,,25.3,,,,,2026-06-04 19:26:00
2026,6,4,19,56,,,,1.3,12,5.8,8,,,25.3,,,,,2026-06-04 19:56:00
2026,6,4,20,26,,,,1.3,11,5.9,2,,,25.3,,,,,2026-06-04 20:26:00
2026,6,4,20,56,,,,1.4,11,6.0,2,,,25.3,,,,,2026-06-04 20:56:00
2026,6,4,21,26,,,,1.4,10,6.2,355,,,25.3,,,,,2026-06-04 21:26:00
2026,6,4,21,56,,,,1.4,12,6.1,355,,,25.3,,,,,2026-06-04 21:56:00
2026,6,4,22,26,,,,1.5,11,5.9,2,,,25.3,,,,,2026-06-04 22:26:00
2026,6,4,22,56,,,,1.6,11,6.3,351,,,25.3,,,,,2026-06-04 22:56:00
2026,6,4,23,56,,,,1.7,12,6.2,6,,,25.3,,,,,2026-06-04 23:56:00
2026,6,5,0,26,,,,1.7,11,6.5,356,,,25.3,,,,,2026-06-05 00:26:00
2026,6,5,0,56,,,,1.7,11,6.3,356,,,25.3,,,,,2026-06-05 00:56:00
2026,6,5,1,26,,,,1.6,11,6.1,2,,,25.2,,,,,2026-06-05 01:26:00
2026,6,5,1,56,,,,1.6,11,6.4,356,,,25.3,,,,,2026-06-05 01:56:00
2026,6,5,2,26,,,,1.6,11,6.1,358,,,25.3,,,,,2026-06-05 02:26:00
2026,6,5,2,56,,,,1.6,11,6.1,359,,,25.3,,,,,2026-06-05 02:56:00
2026,6,5,3,26,,,,1.5,12,5.9,358,,,25.2,,,,,2026-06-05 03:26:00
2026,6,5,3,56,,,,1.6,12,5.8,359,,,25.2,,,,,2026-06-05 03:56:00
2026,6,5,4,26,,,,1.7,11,6.0,354,,,25.2,,,,,2026-06-05 04:26:00
2026,6,5,4,56,,,,1.6,11,5.8,2,,,25.2,,,,,2026-06-05 04:56:00
2026,6,5,5,26,,,,1.6,11,5.8,349,,,25.2,,,,,2026-06-05 05:26:00
2026,6,5,5,56,,,,1.5,11,5.5,359,,,25.2,,,,,2026-06-05 05:56:00
2026,6,5,6,26,,,,1.6,11,6.0,354,,,25.1,,,,,2026-06-05 06:26:00
2026,6,5,6,56,,,,1.6,12,6.1,356,,,25.2,,,,,2026-06-05 06:56:00
2026,6,5,7,26,,,,1.6,11,6.0,352,,,25.2,,,,,2026-06-05 07:26:00
2026,6,5,7,56,,,,1.6,11,6.2,359,,,25.1,,,,,2026-06-05 07:56:00
2026,6,5,8,26,,,,1.7,11,6.0,2,,,25.1,,,,,2026-06-05 08:26:00
2026,6,5,8,56,,,,1.6,11,6.0,349,,,25.1,,,,,2026-06-05 08:56:00
2026,6,5,9,26,,,,1.7,12,6.1,1,,,25.1,,,,,2026-06-05 09:26:00
2026,6,5,9,56,,,,1.7,11,6.0,356,,,25.1,,,,,2026-06-05 09:56:00
2026,6,5,10,26,,,,1.7,12,6.0,5,,,25.1,,,,,2026-06-05 10:26:00
2026,6,5,10,56,,,,1.7,12,6.3,359,,,25.1,,,,,2026-06-05 10:56:00
2026,6,5,11,26,,,,1.8,13,6.8,2,,,25.1,,,,,2026-06-05 11:26:00
2026,6,5,11,56,,,,1.9,12,6.8,359,,,25.1,,,,,2026-06-05 11:56:00
2026,6,5,12,26,,,,1.7,13,6.8,358,,,25.1,,,,,2026-06-05 12:26:00
2026,6,5,12,56,,,,1.6,11,6.6,354,,,25.1,,,,,2026-06-05 12:56:00
2026,6,5,13,26,,,,1.7,11,6.9,354,,,25.1,,,,,2026-06-05 13:26:00
2026,6,5,13,56,,,,1.7,12,7.0,359,,,25.1,,,,,2026-06-05 13:56:00
2026,6,5,14,26,,,,1.7,11,6.9,348,,,25.1,,,,,2026-06-05 14:26:00
2026,6,5,14,56,,,,1.6,11,7.2,355,,,25.1,,,,,2026-06-05 14:56:00
2026,6,5,15,26,,,,1.6,12,6.7,356,,,25.1,,,,,2026-06-05 15:26:00
2026,6,5,15,56,,,,1.6,13,6.8,359,,,25.1,,,,,2026-06-05 15:56:00
2026,6,5,16,26,,,,1.6,11,6.9,348,,,25.1,,,,,2026-06-05 16:26:00
2026,6,5,16,56,,,,1.7,13,7.2,352,,,25.1,,,,,2026-06-05 16:56:00
2026,6,5,17,26,,,,1.7,13,6.7,351,,,25.1,,,,,2026-06-05 17:26:00
2026,6,5,17,56,,,,1.6,13,6.3,341,,,25.1,,,,,2026-06-05 17:56:00
2026,6,5,18,26,,,,1.6,13,6.4,358,,,25.1,,,,,2026-06-05 18:26:00
2026,6,5,18,56,,,,1.8,13,6.7,354,,,25.1,,,,,2026-06-05 18:56:00
2026,6,5,19,26,,,,1.5,13,6.0,359,,,25.1,,,,,2026-06-05 19:26:00
2026,6,5,19,56,,,,1.6,12,6.2,351,,,25.1,,,,,2026-06-05 19:56:00
2026,6,5,20,26,,,,1.6,13,6.2,356,,,25.1,,,,,2026-06-05 20:26:00
2026,6,5,20,56,,,,1.6,12,6.4,3,,,25.1,,,,,2026-06-05 20:56:00
2026,6,5,21,26,,,,1.7,12,6.5,356,,,25.2,,,,,2026-06-05 21:26:00
2026,6,5,21,56,,,,1.9,13,6.6,356,,,25.1,,,,,2026-06-05 21:56:00
2026,6,5,22,26,,,,1.8,13,6.5,354,,,25.1,,,,,2026-06-05 22:26:00
2026,6,5,22,56,,,,1.7,12,6.1,359,,,25.2,,,,,2026-06-05 22:56:00
2026,6,5,23,26,,,,1.8,11,6.3,355,,,25.2,,,,,2026-06-05 23:26:00
2026,6,5,23,56,,,,1.9,13,6.5,356,,,25.2,,,,,2026-06-05 23:56:00
2026,6,6,0,26,,,,1.8,11,6.2,1,,,25.2,,,,,2026-06-06 00:26:00
2026,6,6,0,56,,,,1.7,12,6.2,354,,,25.2,,,,,2026-06-06 00:56:00
2026,6,6,1,26,,,,1.8,11,6.3,354,,,25.1,,,,,2026-06-06 01:26:00
2026,6,6,1,56,,,,1.7,12,6.1,354,,,25.1,,,,,2026-06-06 01:56:00
2026,6,6,2,26,,,,1.7,11,5.9,351,,,25.1,,,,,2026-06-06 02:26:00
2026,6,6,2,56,,,,1.7,12,6.0,3,,,25.1,,,,,2026-06-06 02:56:00
2026,6,6,3,26,,,,1.6,11,5.9,359,,,25.1,,,,,2026-06-06 03:26:00
2026,6,6,3,56,,,,1.7,11,6.0,358,,,25.1,,,,,2026-06-06 03:56:00
2026,6,6,4,26,,,,1.5,11,5.7,348,,,25.1,,,,,2026-06-06 04:26:00
2026,6,6,4,56,,,,1.6,11,5.6,356,,,25.0,,,,,2026-06-06 04:56:00
2026,6,6,5,26,,,,1.6,11,6.0,354,,,25.0,,,,,2026-06-06 05:26:00
2026,6,6,5,56,,,,1.7,11,6.3,354,,,25.0,,,,,2026-06-06 05:56:00
2026,6,6,6,26,,,,1.6,11,5.8,354,,,25.0,,,,,2026-06-06 06:26:00
2026,6,6,6,56,,,,1.6,11,5.7,359,,,25.0,,,,,2026-06-06 06:56:00
2026,6,6,7,26,,,,1.6,11,5.8,1,,,25.0,,,,,2026-06-06 07:26:00
2026,6,6,7,56,,,,1.6,11,6.0,354,,,25.0,,,,,2026-06-06 07:56:00
2026,6,6,8,26,,,,1.5,11,5.8,356,,,25.0,,,,,2026-06-06 08:26:00
2026,6,6,8,56,,,,1.5,11,5.8,12,,,24.9,,,,,2026-06-06 08:56:00
2026,6,6,9,26,,,,1.4,11,5.7,8,,,24.9,,,,,2026-06-06 09:26:00
2026,6,6,9,56,,,,1.5,10,5.7,8,,,24.9,,,,,2026-06-06 09:56:00
2026,6,6,10,26,,,,1.6,11,6.0,1,,,24.9,,,,,2026-06-06 10:26:00
2026,6,6,10,56,,,,1.5,11,5.7,356,,,24.9,,,,,2026-06-06 10:56:00
2026,6,6,11,26,,,,1.5,11,5.8,8,,,24.9,,,,,2026-06-06 11:26:00
2026,6,6,11,56,,,,1.5,11,6.1,8,,,25.0,,,,,2026-06-06 11:56:00
2026,6,6,12,26,,,,1.5,10,6.3,355,,,25.0,,,,,2026-06-06 12:26:00
2026,6,6,12,56,,,,1.5,11,6.2,9,,,25.0,,,,,2026-06-06 12:56:00
2026,6,6,13,26,,,,1.4,11,6.1,2,,,25.0,,,,,2026-06-06 13:26:00
2026,6,6,13,56,,,,1.3,9,5.5,8,,,25.0,,,,,2026-06-06 13:56:00
2026,6,6,14,26,,,,1.3,10,5.6,3,,,25.0,,,,,2026-06-06 14:26:00
2026,6,6,14,56,,,,1.4,11,5.7,354,,,24.9,,,,,2026-06-06 14:56:00
2026,6,6,15,26,,,,1.5,9,5.7,3,,,24.9,,,,,2026-06-06 15:26:00
2026,6,6,15,56,,,,1.5,11,5.5,352,,,24.9,,,,,2026-06-06 15:56:00
2026,6,6,16,26,,,,1.6,10,5.6,13,,,24.9,,,,,2026-06-06 16:26:00
2026,6,6,16,56,,,,1.6,10,5.4,16,,,24.9,,,,,2026-06-06 16:56:00
2026,6,6,17,26,,,,1.7,10,5.6,359,,,24.9,,,,,2026-06-06 17:26:00
2026,6,6,17,56,,,,1.7,9,5.4,15,,,24.9,,,,,2026-06-06 17:56:00
2026,6,6,18,26,,,,1.6,10,5.4,1,,,24.9,,,,,2026-06-06 18:26:00
2026,6,6,18,56,,,,1.7,7,5.3,37,,,24.9,,,,,2026-06-06 18:56:00
2026,6,6,19,26,,,,1.7,9,5.6,22,,,24.9,,,,,2026-06-06 19:26:00
2026,6,6,19,56,,,,1.6,8,5.3,39,,,24.9,,,,,2026-06-06 19:56:00
2026,6,6,20,26,,,,1.7,8,5.4,39,,,24.9,,,,,2026-06-06 20:26:00
2026,6,6,20,56,,,,1.7,8,5.4,36,,,24.9,,,,,2026-06-06 20:56:00
2026,6,6,21,26,,,,1.8,7,5.5,43,,,24.9,,,,,2026-06-06 21:26:00
2026,6,6,21,56,,,,1.6,9,5.4,17,,,25.0,,,,,2026-06-06 21:56:00
2026,6,6,22,26,,,,1.7,8,5.6,37,,,25.0,,,,,2026-06-06 22:26:00
2026,6,6,22,56,,,,1.7,7,5.7,43,,,25.0,,,,,2026-06-06 22:56:00
2026,6,6,23,26,,,,1.7,9,5.8,33,,,25.0,,,,,2026-06-06 23:26:00
2026,6,6,23,56,,,,1.7,8,5.6,46,,,25.0,,,,,2026-06-06 23:56:00
2026,6,7,0,26,,,,1.6,7,5.9,44,,,25.0,,,,,2026-06-07 00:26:00
2026,6,7,0,56,,,,1.6,8,5.8,44,,,25.0,,,,,2026-06-07 00:56:00
2026,6,7,1,26,,,,1.5,8,5.5,40,,,25.1,,,,,2026-06-07 01:26:00
2026,6,7,1,56,,,,1.5,9,5.6,37,,,25.1,,,,,2026-06-07 01:56:00
2026,6,7,2,26,,,,1.5,7,5.5,39,,,25.0,,,,,2026-06-07 02:26:00
2026,6,7,2,56,,,,1.5,9,5.7,32,,,25.0,,,,,2026-06-07 02:56:00
2026,6,7,3,26,,,,1.5,7,5.4,37,,,25.0,,,,,2026-06-07 03:26:00
2026,6,7,3,56,,,,1.6,7,5.6,39,,,25.0,,,,,2026-06-07 03:56:00
2026,6,7,4,26,,,,1.5,7,5.3,36,,,25.0,,,,,2026-06-07 04:26:00
2026,6,7,4,56,,,,1.5,7,5.3,43,,,25.0,,,,,2026-06-07 04:56:00
2026,6,7,5,26,,,,1.6,8,5.3,32,,,25.0,,,,,2026-06-07 05:26:00
2026,6,7,5,56,,,,1.6,6,5.1,34,,,24.9,,,,,2026-06-07 05:56:00
2026,6,7,6,26,,,,1.6,6,5.1,37,,,24.9,,,,,2026-06-07 06:26:00
2026,6,7,6,56,,,,1.5,9,5.0,44,,,24.9,,,,,2026-06-07 06:56:00
2026,6,7,7,26,,,,1.5,10,5.0,19,,,24.9,,,,,2026-06-07 07:26:00
2026,6,7,7,56,,,,1.5,6,5.0,44,,,24.9,,,,,2026-06-07 07:56:00
2026,6,7,8,26,,,,1.5,9,5.0,39,,,24.9,,,,,2026-06-07 08:26:00
2026,6,7,8,56,,,,1.4,6,5.0,44,,,24.9,,,,,2026-06-07 08:56:00
2026,6,7,9,26,,,,1.4,9,5.1,34,,,24.9,,,,,2026-06-07 09:26:00
2026,6,7,9,56,,,,1.4,6,5.1,43,,,24.9,,,,,2026-06-07 09:56:00
2026,6,7,10,26,,,,1.5,7,5.2,40,,,24.9,,,,,2026-06-07 10:26:00
2026,6,7,10,56,,,,1.5,7,5.3,43,,,24.9,,,,,2026-06-07 10:56:00
2026,6,7,11,26,,,,1.4,7,5.4,37,,,24.9,,,,,2026-06-07 11:26:00
2026,6,7,11,56,,,,1.4,7,5.3,46,,,24.9,,,,,2026-06-07 11:56:00
2026,6,7,12,26,,,,1.3,7,5.1,44,,,24.9,,,,,2026-06-07 12:26:00
2026,6,7,12,56,,,,1.3,7,5.3,41,,,24.9,,,,,2026-06-07 12:56:00
2026,6,7,13,26,,,,1.2,8,5.1,36,,,24.9,,,,,2026-06-07 13:26:00
2026,6,7,13,56,,,,1.2,7,5.1,40,,,24.9,,,,,2026-06-07 13:56:00
2026,6,7,14,26,,,,1.2,7,5.4,30,,,24.9,,,,,2026-06-07 14:26:00
2026,6,7,14,56,,,,1.2,7,5.4,39,,,24.9,,,,,2026-06-07 14:56:00
2026,6,7,15,26,,,,1.2,7,5.3,37,,,24.9,,,,,2026-06-07 15:26:00
2026,6,7,15,56,,,,1.2,9,5.0,13,,,24.9,,,,,2026-06-07 15:56:00
2026,6,7,16,26,,,,1.3,8,5.1,29,,,24.9,,,,,2026-06-07 16:26:00
2026,6,7,16,56,,,,1.4,7,5.0,40,,,24.9,,,,,2026-06-07 16:56:00
2026,6,7,17,26,,,,1.4,7,4.9,29,,,24.8,,,,,2026-06-07 17:26:00
2026,6,7,17,56,,,,1.5,7,5.2,37,,,24.9,,,,,2026-06-07 17:56:00
2026,6,7,18,26,,,,1.4,7,5.0,39,,,24.8,,,,,2026-06-07 18:26:00
2026,6,7,18,56,,,,1.5,7,4.9,30,,,24.8,,,,,2026-06-07 18:56:00
2026,6,7,19,26,,,,1.5,7,5.0,34,,,24.8,,,,,2026-06-07 19:26:00
2026,6,7,19,56,,,,1.6,7,5.2,37,,,24.8,,,,,2026-06-07 19:56:00
2026,6,7,20,26,,,,1.4,6,5.0,36,,,24.8,,,,,2026-06-07 20:26:00
2026,6,7,20,56,,,,1.5,7,5.2,36,,,24.8,,,,,2026-06-07 20:56:00
2026,6,7,21,26,,,,1.6,7,5.1,36,,,24.8,,,,,2026-06-07 21:26:00
2026,6,7,21,56,,,,1.6,8,5.2,37,,,24.9,,,,,2026-06-07 21:56:00
2026,6,7,22,26,,,,1.6,6,5.2,40,,,24.9,,,,,2026-06-07 22:26:00
2026,6,7,22,56,,,,1.6,7,5.2,40,,,24.9,,,,,2026-06-07 22:56:00
2026,6,7,23,26,,,,1.6,7,5.5,43,,,24.9,,,,,2026-06-07 23:26:00
2026,6,7,23,56,,,,1.6,7,5.5,48,,,24.9,,,,,2026-06-07 23:56:00
2026,6,8,0,26,,,,1.7,8,5.7,46,,,24.9,,,,,2026-06-08 00:26:00
2026,6,8,0,56,,,,1.7,7,5.6,48,,,24.9,,,,,2026-06-08 00:56:00
2026,6,8,1,26,,,,1.7,8,5.7,43,,,24.9,,,,,2026-06-08 01:26:00
2026,6,8,1,56,,,,1.6,7,5.6,46,,,24.9,,,,,2026-06-08 01:56:00
2026,6,8,2,26,,,,1.7,7,5.5,47,,,25.0,,,,,2026-06-08 02:26:00
2026,6,8,2,56,,,,1.7,7,5.6,43,,,25.0,,,,,2026-06-08 02:56:00
2026,6,8,3,26,,,,1.7,8,5.8,44,,,25.0,,,,,2026-06-08 03:26:00
2026,6,8,3,56,,,,1.6,8,5.6,44,,,25.1,,,,,2026-06-08 03:56:00
2026,6,8,4,26,,,,1.7,8,5.6,47,,,25.0,,,,,2026-06-08 04:26:00
2026,6,8,4,56,,,,1.5,6,5.4,34,,,25.0,,,,,2026-06-08 04:56:00
2026,6,8,5,26,,,,1.7,8,5.5,46,,,25.0,,,,,2026-06-08 05:26:00
2026,6,8,5,56,,,,1.6,7,5.4,47,,,25.0,,,,,2026-06-08 05:56:00
