time,temperature_2m,wind_speed_10m,wind_direction_10m
2024-01-10 00:00:00,25.5,4.2,250
2024-01-10 01:00:00,28.1,6.7,234
2024-01-10 02:00:00,29.7,7.7,221
2024-01-10 03:00:00,31.0,7.4,227
2024-01-10 04:00:00,31.6,5.9,256
2024-01-10 05:00:00,29.4,12.6,360
2024-01-10 06:00:00,27.5,6.3,283
2024-01-10 07:00:00,27.8,6.2,216
2024-01-10 08:00:00,27.7,7.8,202
2024-01-10 09:00:00,27.6,7.2,217
2024-01-10 10:00:00,27.8,9.2,228
2024-01-10 11:00:00,27.2,7.6,265
2024-01-10 12:00:00,26.6,9.0,254
2024-01-10 13:00:00,26.4,11.3,243
2024-01-10 14:00:00,26.2,9.7,248
2024-01-10 15:00:00,26.2,11.6,254
2024-01-10 16:00:00,26.0,12.9,243
2024-01-10 17:00:00,25.8,16.4,241
2024-01-10 18:00:00,25.3,17.2,244
2024-01-10 19:00:00,24.9,14.4,257
2024-01-10 20:00:00,25.0,13.9,249
2024-01-10 21:00:00,24.7,13.3,257
2024-01-10 22:00:00,24.7,11.2,255
2024-01-10 23:00:00,24.5,15.5,248
2024-01-11 00:00:00,25.0,8.5,216
2024-01-11 01:00:00,28.0,10.1,253
2024-01-11 02:00:00,29.1,15.0,240
2024-01-11 03:00:00,30.4,12.1,233
2024-01-11 04:00:00,31.5,10.0,240
2024-01-11 05:00:00,29.4,16.6,240
2024-01-11 06:00:00,27.6,11.2,266
2024-01-11 07:00:00,27.6,14.2,246
2024-01-11 08:00:00,28.3,15.8,243
2024-01-11 09:00:00,28.1,18.0,237
2024-01-11 10:00:00,27.2,16.1,246
2024-01-11 11:00:00,26.5,14.3,245
2024-01-11 12:00:00,25.9,11.6,248
2024-01-11 13:00:00,25.0,9.8,242
2024-01-11 14:00:00,24.8,8.0,252
2024-01-11 15:00:00,24.8,7.7,259
2024-01-11 16:00:00,24.6,9.0,241
2024-01-11 17:00:00,24.5,9.7,228
2024-01-11 18:00:00,24.4,8.7,240
2024-01-11 19:00:00,24.2,10.3,245
2024-01-11 20:00:00,24.1,10.3,245
2024-01-11 21:00:00,24.1,8.4,250
2024-01-11 22:00:00,24.1,8.1,257
2024-01-11 23:00:00,24.2,9.7,243
2024-01-12 00:00:00,25.1,10.5,232
2024-01-12 01:00:00,27.2,14.2,249
2024-01-12 02:00:00,28.1,14.9,250
2024-01-12 03:00:00,29.2,13.6,253
2024-01-12 04:00:00,30.3,14.8,244
2024-01-12 05:00:00,31.0,16.1,236
2024-01-12 06:00:00,31.4,15.4,237
2024-01-12 07:00:00,31.6,16.1,241
2024-01-12 08:00:00,31.0,17.1,240
2024-01-12 09:00:00,30.0,17.6,244
2024-01-12 10:00:00,29.2,16.5,247
2024-01-12 11:00:00,27.9,14.1,251
2024-01-12 12:00:00,27.0,13.9,249
2024-01-12 13:00:00,26.5,13.7,252
2024-01-12 14:00:00,26.2,12.2,251
2024-01-12 15:00:00,25.9,11.8,250
2024-01-12 16:00:00,25.6,11.8,250
2024-01-12 17:00:00,25.4,12.2,251
2024-01-12 18:00:00,25.1,12.6,257
2024-01-12 19:00:00,25.0,13.6,258
2024-01-12 20:00:00,24.9,13.1,249
2024-01-12 21:00:00,24.9,12.2,251
2024-01-12 22:00:00,24.6,12.9,247
2024-01-12 23:00:00,24.4,12.8,248
2024-01-13 00:00:00,25.5,13.7,247
2024-01-13 01:00:00,27.5,11.1,245
2024-01-13 02:00:00,29.1,10.2,247
2024-01-13 03:00:00,30.2,9.2,249
2024-01-13 04:00:00,30.8,10.7,250
2024-01-13 05:00:00,31.8,12.2,251
2024-01-13 06:00:00,31.9,14.5,251
2024-01-13 07:00:00,31.0,16.1,246
2024-01-13 08:00:00,30.1,18.6,248
2024-01-13 09:00:00,29.2,16.7,245
2024-01-13 10:00:00,28.6,17.2,244
2024-01-13 11:00:00,27.3,16.0,247
2024-01-13 12:00:00,26.5,13.0,251
2024-01-13 13:00:00,26.2,14.7,245
2024-01-13 14:00:00,26.0,12.8,238
2024-01-13 15:00:00,25.9,12.6,239
2024-01-13 16:00:00,25.7,11.1,241
2024-01-13 17:00:00,25.6,9.2,244
2024-01-13 18:00:00,25.3,9.4,247
2024-01-13 19:00:00,24.9,7.9,254
2024-01-13 20:00:00,24.7,9.7,270
2024-01-13 21:00:00,24.6,10.4,268
2024-01-13 22:00:00,24.7,9.3,257
2024-01-13 23:00:00,24.8,8.1,249
2024-01-14 00:00:00,25.4,5.8,248
2024-01-14 01:00:00,27.2,6.2,260
2024-01-14 02:00:00,28.8,6.2,260
2024-01-14 03:00:00,30.0,3.3,229
2024-01-14 04:00:00,31.0,3.6,186
2024-01-14 05:00:00,31.6,1.9,158
2024-01-14 06:00:00,32.0,3.4,342
2024-01-14 07:00:00,31.7,9.0,5
2024-01-14 08:00:00,28.4,10.2,280
2024-01-14 09:00:00,28.0,10.8,165
2024-01-14 10:00:00,25.5,12.2,118
2024-01-14 11:00:00,24.8,5.1,129
2024-01-14 12:00:00,24.5,3.3,96
2024-01-14 13:00:00,26.2,4.6,225
2024-01-14 14:00:00,25.6,4.1,135
2024-01-14 15:00:00,26.2,3.7,191
2024-01-14 16:00:00,25.5,4.9,234
2024-01-14 17:00:00,25.4,7.7,242
2024-01-14 18:00:00,25.1,7.6,245
2024-01-14 19:00:00,24.9,6.2,249
2024-01-14 20:00:00,24.9,6.4,254
2024-01-14 21:00:00,24.6,5.8,263
2024-01-14 22:00:00,24.3,6.5,270
2024-01-14 23:00:00,24.2,5.4,262
2024-01-15 00:00:00,25.5,5.4,270
2024-01-15 01:00:00,27.5,8.0,275
2024-01-15 02:00:00,29.4,11.1,257
2024-01-15 03:00:00,30.5,10.5,264
2024-01-15 04:00:00,30.9,10.4,272
2024-01-15 05:00:00,31.7,9.5,281
2024-01-15 06:00:00,28.1,10.6,305
2024-01-15 07:00:00,28.2,7.3,349
2024-01-15 08:00:00,29.6,8.1,315
2024-01-15 09:00:00,29.8,5.2,282
2024-01-15 10:00:00,29.8,10.0,257
2024-01-15 11:00:00,28.4,8.9,256
2024-01-15 12:00:00,27.0,12.4,253
2024-01-15 13:00:00,27.1,7.1,255
2024-01-15 14:00:00,26.8,10.3,245
2024-01-15 15:00:00,26.5,9.8,253
2024-01-15 16:00:00,26.2,9.3,242
2024-01-15 17:00:00,25.8,11.9,245
2024-01-15 18:00:00,25.9,14.6,250
2024-01-15 19:00:00,25.2,13.2,259
2024-01-15 20:00:00,24.8,9.1,252
2024-01-15 21:00:00,24.3,8.4,260
2024-01-15 22:00:00,24.0,7.3,259
2024-01-15 23:00:00,24.0,8.9,249
2024-01-16 00:00:00,25.1,8.6,255
2024-01-16 01:00:00,27.1,10.3,245
2024-01-16 02:00:00,28.7,12.9,240
2024-01-16 03:00:00,29.7,12.4,248
2024-01-16 04:00:00,30.6,9.8,253
2024-01-16 05:00:00,31.6,9.6,257
2024-01-16 06:00:00,32.0,10.5,278
2024-01-16 07:00:00,31.5,11.2,266
2024-01-16 08:00:00,30.0,11.3,239
2024-01-16 09:00:00,29.8,15.8,235
2024-01-16 10:00:00,29.6,14.3,242
2024-01-16 11:00:00,28.5,12.1,247
2024-01-16 12:00:00,27.5,14.5,256
2024-01-16 13:00:00,27.5,12.6,257
2024-01-16 14:00:00,27.0,14.0,252
2024-01-16 15:00:00,26.7,12.1,258
2024-01-16 16:00:00,26.4,12.3,249
2024-01-16 17:00:00,26.0,11.6,254
2024-01-16 18:00:00,25.8,11.4,257
2024-01-16 19:00:00,25.5,12.3,263
2024-01-16 20:00:00,25.5,11.9,268
2024-01-16 21:00:00,25.5,11.2,276
2024-01-16 22:00:00,25.2,11.5,274
2024-01-16 23:00:00,25.2,14.2,279
2024-01-17 00:00:00,25.2,10.3,299
2024-01-17 01:00:00,27.8,12.2,298
2024-01-17 02:00:00,28.9,10.2,293
2024-01-17 03:00:00,29.9,10.0,291
2024-01-17 04:00:00,30.7,10.5,297
2024-01-17 05:00:00,28.6,17.1,298
2024-01-17 06:00:00,27.5,8.0,260
2024-01-17 07:00:00,29.0,9.0,254
2024-01-17 08:00:00,29.6,9.3,242
2024-01-17 09:00:00,28.3,13.0,242
2024-01-17 10:00:00,28.1,10.5,264
2024-01-17 11:00:00,27.3,12.0,254
2024-01-17 12:00:00,26.5,10.4,256
2024-01-17 13:00:00,26.1,10.2,260
2024-01-17 14:00:00,25.9,9.8,264
2024-01-17 15:00:00,25.6,9.4,247
2024-01-17 16:00:00,25.7,8.6,237
2024-01-17 17:00:00,25.5,7.0,235
2024-01-17 18:00:00,25.4,7.6,262
2024-01-17 19:00:00,25.1,9.2,244
2024-01-17 20:00:00,24.9,10.7,237
2024-01-17 21:00:00,24.8,7.9,246
2024-01-17 22:00:00,24.9,14.8,257
2024-01-17 23:00:00,24.9,15.4,254
2024-01-18 00:00:00,25.8,17.1,248
2024-01-18 01:00:00,26.8,12.1,258
2024-01-18 02:00:00,28.5,14.8,252
2024-01-18 03:00:00,29.2,16.9,246
2024-01-18 04:00:00,29.8,15.9,245
2024-01-18 05:00:00,31.0,15.6,251
2024-01-18 06:00:00,30.4,19.8,241
2024-01-18 07:00:00,28.6,19.4,239
2024-01-18 08:00:00,27.5,16.5,254
2024-01-18 09:00:00,27.2,20.8,252
2024-01-18 10:00:00,27.2,20.0,252
2024-01-18 11:00:00,26.5,18.2,256
2024-01-18 12:00:00,26.0,18.4,258
2024-01-18 13:00:00,26.0,14.2,234
2024-01-18 14:00:00,25.9,11.7,236
2024-01-18 15:00:00,25.7,10.5,243
2024-01-18 16:00:00,25.7,14.3,242
2024-01-18 17:00:00,25.5,16.9,246
2024-01-18 18:00:00,25.0,16.6,243
2024-01-18 19:00:00,24.6,18.2,252
2024-01-18 20:00:00,24.1,13.9,260
2024-01-18 21:00:00,24.1,16.3,248
2024-01-18 22:00:00,24.0,14.8,266
2024-01-18 23:00:00,23.5,15.6,285
2024-01-19 00:00:00,23.9,12.2,251
2024-01-19 01:00:00,24.2,15.0,260
2024-01-19 02:00:00,24.5,12.6,246
2024-01-19 03:00:00,24.4,9.8,242
2024-01-19 04:00:00,25.0,10.7,258
2024-01-19 05:00:00,25.5,13.2,248
2024-01-19 06:00:00,26.9,15.3,243
2024-01-19 07:00:00,27.4,15.6,244
2024-01-19 08:00:00,26.2,18.3,248
2024-01-19 09:00:00,25.9,13.9,253
2024-01-19 10:00:00,26.1,13.8,255
2024-01-19 11:00:00,25.5,14.0,252
2024-01-19 12:00:00,24.5,12.8,248
2024-01-19 13:00:00,24.4,13.6,238
2024-01-19 14:00:00,24.5,13.5,241
2024-01-19 15:00:00,24.6,13.1,238
2024-01-19 16:00:00,24.5,13.3,237
2024-01-19 17:00:00,24.4,15.4,249
2024-01-19 18:00:00,24.1,14.9,250
2024-01-19 19:00:00,24.0,15.3,251
2024-01-19 20:00:00,24.0,14.7,248
2024-01-19 21:00:00,24.0,14.3,245
2024-01-19 22:00:00,24.2,15.2,248
2024-01-19 23:00:00,24.1,14.0,247
2024-01-20 00:00:00,25.4,16.1,243
2024-01-20 01:00:00,27.4,14.3,245
2024-01-20 02:00:00,28.3,18.5,243
2024-01-20 03:00:00,29.9,18.2,243
2024-01-20 04:00:00,31.0,22.0,238
2024-01-20 05:00:00,31.8,22.9,242
2024-01-20 06:00:00,32.0,24.6,238
2024-01-20 07:00:00,31.7,23.9,236
2024-01-20 08:00:00,31.4,23.4,236
2024-01-20 09:00:00,31.0,21.6,233
2024-01-20 10:00:00,29.9,18.8,234
2024-01-20 11:00:00,28.7,16.3,239
2024-01-20 12:00:00,27.9,15.5,245
2024-01-20 13:00:00,27.6,14.2,234
2024-01-20 14:00:00,27.2,15.4,233
2024-01-20 15:00:00,27.0,16.7,233
2024-01-20 16:00:00,26.8,16.4,237
2024-01-20 17:00:00,26.2,14.7,242
2024-01-20 18:00:00,25.8,14.2,246
2024-01-20 19:00:00,25.4,12.4,248
2024-01-20 20:00:00,25.1,12.4,253
2024-01-20 21:00:00,24.8,11.7,252
2024-01-20 22:00:00,24.7,11.7,252
2024-01-20 23:00:00,24.8,14.7,242
