time,member,value
2026-06-04 00:00:00,0,27.5
2026-06-04 01:00:00,0,28.0
2026-06-04 02:00:00,0,28.7
2026-06-04 03:00:00,0,29.3
2026-06-04 04:00:00,0,29.5
2026-06-04 05:00:00,0,29.4
2026-06-04 06:00:00,0,29.4
2026-06-04 07:00:00,0,29.5
2026-06-04 08:00:00,0,29.5
2026-06-04 09:00:00,0,29.5
2026-06-04 10:00:00,0,29.2
2026-06-04 11:00:00,0,28.8
2026-06-04 12:00:00,0,28.5
2026-06-04 13:00:00,0,28.4
2026-06-04 14:00:00,0,28.4
2026-06-04 15:00:00,0,28.4
2026-06-04 16:00:00,0,28.2
2026-06-04 17:00:00,0,28.0
2026-06-04 18:00:00,0,27.8
2026-06-04 19:00:00,0,27.6
2026-06-04 20:00:00,0,27.5
2026-06-04 21:00:00,0,27.4
2026-06-04 22:00:00,0,27.2
2026-06-04 23:00:00,0,27.1
2026-06-05 00:00:00,0,26.5
2026-06-05 01:00:00,0,27.6
2026-06-05 02:00:00,0,29.1
2026-06-05 03:00:00,0,30.4
2026-06-05 04:00:00,0,31.3
2026-06-05 05:00:00,0,32.0
2026-06-05 06:00:00,0,32.4
2026-06-05 07:00:00,0,32.6
2026-06-05 08:00:00,0,32.5
2026-06-05 09:00:00,0,32.0
2026-06-05 10:00:00,0,30.9
2026-06-05 11:00:00,0,29.5
2026-06-05 12:00:00,0,28.3
2026-06-05 13:00:00,0,27.6
2026-06-05 14:00:00,0,27.2
2026-06-05 15:00:00,0,26.8
2026-06-05 16:00:00,0,26.5
2026-06-05 17:00:00,0,26.3
2026-06-05 18:00:00,0,26.1
2026-06-05 19:00:00,0,25.9
2026-06-05 20:00:00,0,25.8
2026-06-05 21:00:00,0,25.8
2026-06-05 22:00:00,0,25.8
2026-06-05 23:00:00,0,25.9
2026-06-06 00:00:00,0,26.5
2026-06-06 01:00:00,0,27.9
2026-06-06 02:00:00,0,29.8
2026-06-06 03:00:00,0,31.3
2026-06-06 04:00:00,0,32.3
2026-06-06 05:00:00,0,33.1
2026-06-06 06:00:00,0,33.4
2026-06-06 07:00:00,0,33.4
2026-06-06 08:00:00,0,33.0
2026-06-06 09:00:00,0,32.3
2026-06-06 10:00:00,0,31.1
2026-06-06 11:00:00,0,29.5
2026-06-06 12:00:00,0,28.3
2026-06-06 13:00:00,0,27.7
2026-06-06 14:00:00,0,27.5
2026-06-06 15:00:00,0,27.2
2026-06-06 16:00:00,0,27.0
2026-06-06 17:00:00,0,26.7
2026-06-06 18:00:00,0,26.5
2026-06-06 19:00:00,0,26.0
2026-06-06 20:00:00,0,25.5
2026-06-06 21:00:00,0,25.2
2026-06-06 22:00:00,0,25.4
2026-06-06 23:00:00,0,25.9
2026-06-04 00:00:00,1,27.4
2026-06-04 01:00:00,1,28.0
2026-06-04 02:00:00,1,28.8
2026-06-04 03:00:00,1,29.5
2026-06-04 04:00:00,1,29.7
2026-06-04 05:00:00,1,29.6
2026-06-04 06:00:00,1,29.5
2026-06-04 07:00:00,1,29.5
2026-06-04 08:00:00,1,29.5
2026-06-04 09:00:00,1,29.4
2026-06-04 10:00:00,1,29.1
2026-06-04 11:00:00,1,28.7
2026-06-04 12:00:00,1,28.4
2026-06-04 13:00:00,1,28.4
2026-06-04 14:00:00,1,28.5
2026-06-04 15:00:00,1,28.5
2026-06-04 16:00:00,1,28.3
2026-06-04 17:00:00,1,28.1
2026-06-04 18:00:00,1,27.9
2026-06-04 19:00:00,1,27.7
2026-06-04 20:00:00,1,27.5
2026-06-04 21:00:00,1,27.4
2026-06-04 22:00:00,1,27.2
2026-06-04 23:00:00,1,27.1
2026-06-05 00:00:00,1,26.5
2026-06-05 01:00:00,1,27.6
2026-06-05 02:00:00,1,29.2
2026-06-05 03:00:00,1,30.5
2026-06-05 04:00:00,1,31.4
2026-06-05 05:00:00,1,32.1
2026-06-05 06:00:00,1,32.5
2026-06-05 07:00:00,1,32.7
2026-06-05 08:00:00,1,32.7
2026-06-05 09:00:00,1,32.2
2026-06-05 10:00:00,1,31.1
2026-06-05 11:00:00,1,29.5
2026-06-05 12:00:00,1,28.2
2026-06-05 13:00:00,1,27.5
2026-06-05 14:00:00,1,27.1
2026-06-05 15:00:00,1,26.8
2026-06-05 16:00:00,1,26.4
2026-06-05 17:00:00,1,26.2
2026-06-05 18:00:00,1,26.0
2026-06-05 19:00:00,1,25.8
2026-06-05 20:00:00,1,25.6
2026-06-05 21:00:00,1,25.6
2026-06-05 22:00:00,1,25.6
2026-06-05 23:00:00,1,25.8
2026-06-06 00:00:00,1,26.4
2026-06-06 01:00:00,1,27.8
2026-06-06 02:00:00,1,29.6
2026-06-06 03:00:00,1,31.1
2026-06-06 04:00:00,1,32.1
2026-06-06 05:00:00,1,32.8
2026-06-06 06:00:00,1,33.1
2026-06-06 07:00:00,1,33.2
2026-06-06 08:00:00,1,32.9
2026-06-06 09:00:00,1,32.3
2026-06-06 10:00:00,1,31.0
2026-06-06 11:00:00,1,29.4
2026-06-06 12:00:00,1,28.1
2026-06-06 13:00:00,1,27.5
2026-06-06 14:00:00,1,27.1
2026-06-06 15:00:00,1,26.9
2026-06-06 16:00:00,1,26.8
2026-06-06 17:00:00,1,26.8
2026-06-06 18:00:00,1,26.6
2026-06-06 19:00:00,1,26.2
2026-06-06 20:00:00,1,25.6
2026-06-06 21:00:00,1,25.3
2026-06-06 22:00:00,1,25.5
2026-06-06 23:00:00,1,26.0
2026-06-04 00:00:00,2,27.2
2026-06-04 01:00:00,2,27.8
2026-06-04 02:00:00,2,28.6
2026-06-04 03:00:00,2,29.2
2026-06-04 04:00:00,2,29.3
2026-06-04 05:00:00,2,29.2
2026-06-04 06:00:00,2,29.1
2026-06-04 07:00:00,2,29.1
2026-06-04 08:00:00,2,29.0
2026-06-04 09:00:00,2,28.9
2026-06-04 10:00:00,2,28.7
2026-06-04 11:00:00,2,28.5
2026-06-04 12:00:00,2,28.4
2026-06-04 13:00:00,2,28.4
2026-06-04 14:00:00,2,28.4
2026-06-04 15:00:00,2,28.4
2026-06-04 16:00:00,2,28.2
2026-06-04 17:00:00,2,28.0
2026-06-04 18:00:00,2,27.8
2026-06-04 19:00:00,2,27.6
2026-06-04 20:00:00,2,27.4
2026-06-04 21:00:00,2,27.3
2026-06-04 22:00:00,2,27.1
2026-06-04 23:00:00,2,26.9
2026-06-05 00:00:00,2,26.3
2026-06-05 01:00:00,2,27.5
2026-06-05 02:00:00,2,29.2
2026-06-05 03:00:00,2,30.6
2026-06-05 04:00:00,2,31.4
2026-06-05 05:00:00,2,32.0
2026-06-05 06:00:00,2,32.4
2026-06-05 07:00:00,2,32.4
2026-06-05 08:00:00,2,32.2
2026-06-05 09:00:00,2,31.7
2026-06-05 10:00:00,2,30.7
2026-06-05 11:00:00,2,29.4
2026-06-05 12:00:00,2,28.4
2026-06-05 13:00:00,2,27.8
2026-06-05 14:00:00,2,27.4
2026-06-05 15:00:00,2,27.0
2026-06-05 16:00:00,2,26.7
2026-06-05 17:00:00,2,26.5
2026-06-05 18:00:00,2,26.3
2026-06-05 19:00:00,2,26.2
2026-06-05 20:00:00,2,26.1
2026-06-05 21:00:00,2,26.0
2026-06-05 22:00:00,2,26.0
2026-06-05 23:00:00,2,26.0
2026-06-06 00:00:00,2,26.5
2026-06-06 01:00:00,2,27.8
2026-06-06 02:00:00,2,29.6
2026-06-06 03:00:00,2,31.2
2026-06-06 04:00:00,2,32.3
2026-06-06 05:00:00,2,33.1
2026-06-06 06:00:00,2,33.5
2026-06-06 07:00:00,2,33.1
2026-06-06 08:00:00,2,32.2
2026-06-06 09:00:00,2,31.2
2026-06-06 10:00:00,2,30.1
2026-06-06 11:00:00,2,28.8
2026-06-06 12:00:00,2,27.8
2026-06-06 13:00:00,2,27.2
2026-06-06 14:00:00,2,26.9
2026-06-06 15:00:00,2,26.7
2026-06-06 16:00:00,2,26.6
2026-06-06 17:00:00,2,26.7
2026-06-06 18:00:00,2,26.6
2026-06-06 19:00:00,2,26.1
2026-06-06 20:00:00,2,25.6
2026-06-06 21:00:00,2,25.4
2026-06-06 22:00:00,2,25.6
2026-06-06 23:00:00,2,26.2
2026-06-04 00:00:00,3,27.5
2026-06-04 01:00:00,3,27.9
2026-06-04 02:00:00,3,28.5
2026-06-04 03:00:00,3,29.0
2026-06-04 04:00:00,3,29.2
2026-06-04 05:00:00,3,29.3
2026-06-04 06:00:00,3,29.4
2026-06-04 07:00:00,3,29.3
2026-06-04 08:00:00,3,29.2
2026-06-04 09:00:00,3,29.1
2026-06-04 10:00:00,3,28.8
2026-06-04 11:00:00,3,28.4
2026-06-04 12:00:00,3,28.2
2026-06-04 13:00:00,3,28.3
2026-06-04 14:00:00,3,28.4
2026-06-04 15:00:00,3,28.5
2026-06-04 16:00:00,3,28.4
2026-06-04 17:00:00,3,28.2
2026-06-04 18:00:00,3,27.9
2026-06-04 19:00:00,3,27.7
2026-06-04 20:00:00,3,27.6
2026-06-04 21:00:00,3,27.4
2026-06-04 22:00:00,3,27.2
2026-06-04 23:00:00,3,27.1
2026-06-05 00:00:00,3,26.5
2026-06-05 01:00:00,3,27.3
2026-06-05 02:00:00,3,28.4
2026-06-05 03:00:00,3,29.5
2026-06-05 04:00:00,3,30.7
2026-06-05 05:00:00,3,31.8
2026-06-05 06:00:00,3,32.5
2026-06-05 07:00:00,3,32.7
2026-06-05 08:00:00,3,32.4
2026-06-05 09:00:00,3,31.9
2026-06-05 10:00:00,3,30.8
2026-06-05 11:00:00,3,29.4
2026-06-05 12:00:00,3,28.3
2026-06-05 13:00:00,3,27.6
2026-06-05 14:00:00,3,27.2
2026-06-05 15:00:00,3,26.9
2026-06-05 16:00:00,3,26.6
2026-06-05 17:00:00,3,26.4
2026-06-05 18:00:00,3,26.2
2026-06-05 19:00:00,3,26.0
2026-06-05 20:00:00,3,25.8
2026-06-05 21:00:00,3,25.8
2026-06-05 22:00:00,3,25.8
2026-06-05 23:00:00,3,25.9
2026-06-06 00:00:00,3,26.5
2026-06-06 01:00:00,3,27.9
2026-06-06 02:00:00,3,29.8
2026-06-06 03:00:00,3,31.4
2026-06-06 04:00:00,3,32.3
2026-06-06 05:00:00,3,32.8
2026-06-06 06:00:00,3,33.1
2026-06-06 07:00:00,3,33.0
2026-06-06 08:00:00,3,32.7
2026-06-06 09:00:00,3,32.0
2026-06-06 10:00:00,3,30.7
2026-06-06 11:00:00,3,29.0
2026-06-06 12:00:00,3,27.7
2026-06-06 13:00:00,3,27.1
2026-06-06 14:00:00,3,26.9
2026-06-06 15:00:00,3,26.8
2026-06-06 16:00:00,3,26.8
2026-06-06 17:00:00,3,26.8
2026-06-06 18:00:00,3,26.7
2026-06-06 19:00:00,3,26.2
2026-06-06 20:00:00,3,25.6
2026-06-06 21:00:00,3,25.3
2026-06-06 22:00:00,3,25.5
2026-06-06 23:00:00,3,26.1
2026-06-04 00:00:00,4,27.6
2026-06-04 01:00:00,4,28.1
2026-06-04 02:00:00,4,28.9
2026-06-04 03:00:00,4,29.5
2026-06-04 04:00:00,4,29.7
2026-06-04 05:00:00,4,29.7
2026-06-04 06:00:00,4,29.7
2026-06-04 07:00:00,4,29.5
2026-06-04 08:00:00,4,29.3
2026-06-04 09:00:00,4,29.1
2026-06-04 10:00:00,4,28.9
2026-06-04 11:00:00,4,28.7
2026-06-04 12:00:00,4,28.5
2026-06-04 13:00:00,4,28.5
2026-06-04 14:00:00,4,28.4
2026-06-04 15:00:00,4,28.4
2026-06-04 16:00:00,4,28.2
2026-06-04 17:00:00,4,28.0
2026-06-04 18:00:00,4,27.8
2026-06-04 19:00:00,4,27.7
2026-06-04 20:00:00,4,27.6
2026-06-04 21:00:00,4,27.5
2026-06-04 22:00:00,4,27.3
2026-06-04 23:00:00,4,27.2
2026-06-05 00:00:00,4,26.5
2026-06-05 01:00:00,4,27.2
2026-06-05 02:00:00,4,28.3
2026-06-05 03:00:00,4,29.4
2026-06-05 04:00:00,4,30.8
2026-06-05 05:00:00,4,32.2
2026-06-05 06:00:00,4,33.1
2026-06-05 07:00:00,4,33.2
2026-06-05 08:00:00,4,32.7
2026-06-05 09:00:00,4,31.9
2026-06-05 10:00:00,4,30.8
2026-06-05 11:00:00,4,29.4
2026-06-05 12:00:00,4,28.2
2026-06-05 13:00:00,4,27.5
2026-06-05 14:00:00,4,27.1
2026-06-05 15:00:00,4,26.7
2026-06-05 16:00:00,4,26.4
2026-06-05 17:00:00,4,26.2
2026-06-05 18:00:00,4,26.1
2026-06-05 19:00:00,4,25.9
2026-06-05 20:00:00,4,25.7
2026-06-05 21:00:00,4,25.7
2026-06-05 22:00:00,4,25.7
2026-06-05 23:00:00,4,25.8
2026-06-06 00:00:00,4,26.4
2026-06-06 01:00:00,4,27.6
2026-06-06 02:00:00,4,29.3
2026-06-06 03:00:00,4,30.7
2026-06-06 04:00:00,4,31.4
2026-06-06 05:00:00,4,31.9
2026-06-06 06:00:00,4,32.1
2026-06-06 07:00:00,4,32.2
2026-06-06 08:00:00,4,32.0
2026-06-06 09:00:00,4,31.6
2026-06-06 10:00:00,4,30.5
2026-06-06 11:00:00,4,29.1
2026-06-06 12:00:00,4,28.0
2026-06-06 13:00:00,4,27.3
2026-06-06 14:00:00,4,26.9
2026-06-06 15:00:00,4,26.7
2026-06-06 16:00:00,4,26.6
2026-06-06 17:00:00,4,26.8
2026-06-06 18:00:00,4,26.7
2026-06-06 19:00:00,4,26.2
2026-06-06 20:00:00,4,25.6
2026-06-06 21:00:00,4,25.3
2026-06-06 22:00:00,4,25.5
2026-06-06 23:00:00,4,26.1
2026-06-04 00:00:00,5,27.4
2026-06-04 01:00:00,5,28.0
2026-06-04 02:00:00,5,28.8
2026-06-04 03:00:00,5,29.4
2026-06-04 04:00:00,5,29.5
2026-06-04 05:00:00,5,29.5
2026-06-04 06:00:00,5,29.4
2026-06-04 07:00:00,5,29.4
2026-06-04 08:00:00,5,29.5
2026-06-04 09:00:00,5,29.4
2026-06-04 10:00:00,5,29.1
2026-06-04 11:00:00,5,28.7
2026-06-04 12:00:00,5,28.4
2026-06-04 13:00:00,5,28.4
2026-06-04 14:00:00,5,28.6
2026-06-04 15:00:00,5,28.6
2026-06-04 16:00:00,5,28.4
2026-06-04 17:00:00,5,28.1
2026-06-04 18:00:00,5,27.8
2026-06-04 19:00:00,5,27.7
2026-06-04 20:00:00,5,27.5
2026-06-04 21:00:00,5,27.4
2026-06-04 22:00:00,5,27.2
2026-06-04 23:00:00,5,27.0
2026-06-05 00:00:00,5,26.5
2026-06-05 01:00:00,5,27.5
2026-06-05 02:00:00,5,28.8
2026-06-05 03:00:00,5,30.1
2026-06-05 04:00:00,5,31.0
2026-06-05 05:00:00,5,31.8
2026-06-05 06:00:00,5,32.3
2026-06-05 07:00:00,5,32.3
2026-06-05 08:00:00,5,32.0
2026-06-05 09:00:00,5,31.4
2026-06-05 10:00:00,5,30.4
2026-06-05 11:00:00,5,29.2
2026-06-05 12:00:00,5,28.1
2026-06-05 13:00:00,5,27.5
2026-06-05 14:00:00,5,27.2
2026-06-05 15:00:00,5,26.9
2026-06-05 16:00:00,5,26.6
2026-06-05 17:00:00,5,26.3
2026-06-05 18:00:00,5,26.1
2026-06-05 19:00:00,5,25.9
2026-06-05 20:00:00,5,25.8
2026-06-05 21:00:00,5,25.7
2026-06-05 22:00:00,5,25.7
2026-06-05 23:00:00,5,25.9
2026-06-06 00:00:00,5,26.4
2026-06-06 01:00:00,5,27.8
2026-06-06 02:00:00,5,29.6
2026-06-06 03:00:00,5,31.1
2026-06-06 04:00:00,5,32.0
2026-06-06 05:00:00,5,32.5
2026-06-06 06:00:00,5,32.8
2026-06-06 07:00:00,5,32.8
2026-06-06 08:00:00,5,32.5
2026-06-06 09:00:00,5,31.9
2026-06-06 10:00:00,5,30.7
2026-06-06 11:00:00,5,29.3
2026-06-06 12:00:00,5,28.2
2026-06-06 13:00:00,5,27.7
2026-06-06 14:00:00,5,27.5
2026-06-06 15:00:00,5,27.3
2026-06-06 16:00:00,5,27.0
2026-06-06 17:00:00,5,26.7
2026-06-06 18:00:00,5,26.4
2026-06-06 19:00:00,5,25.9
2026-06-06 20:00:00,5,25.3
2026-06-06 21:00:00,5,25.1
2026-06-06 22:00:00,5,25.4
2026-06-06 23:00:00,5,26.0
2026-06-04 00:00:00,6,27.5
2026-06-04 01:00:00,6,28.0
2026-06-04 02:00:00,6,28.6
2026-06-04 03:00:00,6,29.1
2026-06-04 04:00:00,6,29.3
2026-06-04 05:00:00,6,29.4
2026-06-04 06:00:00,6,29.4
2026-06-04 07:00:00,6,29.4
2026-06-04 08:00:00,6,29.4
2026-06-04 09:00:00,6,29.3
2026-06-04 10:00:00,6,29.0
2026-06-04 11:00:00,6,28.7
2026-06-04 12:00:00,6,28.5
2026-06-04 13:00:00,6,28.4
2026-06-04 14:00:00,6,28.5
2026-06-04 15:00:00,6,28.5
2026-06-04 16:00:00,6,28.4
2026-06-04 17:00:00,6,28.2
2026-06-04 18:00:00,6,28.0
2026-06-04 19:00:00,6,27.8
2026-06-04 20:00:00,6,27.6
2026-06-04 21:00:00,6,27.4
2026-06-04 22:00:00,6,27.3
2026-06-04 23:00:00,6,27.2
2026-06-05 00:00:00,6,26.4
2026-06-05 01:00:00,6,27.4
2026-06-05 02:00:00,6,28.8
2026-06-05 03:00:00,6,30.0
2026-06-05 04:00:00,6,31.1
2026-06-05 05:00:00,6,32.1
2026-06-05 06:00:00,6,32.6
2026-06-05 07:00:00,6,32.7
2026-06-05 08:00:00,6,32.4
2026-06-05 09:00:00,6,31.8
2026-06-05 10:00:00,6,30.7
2026-06-05 11:00:00,6,29.4
2026-06-05 12:00:00,6,28.3
2026-06-05 13:00:00,6,27.6
2026-06-05 14:00:00,6,27.2
2026-06-05 15:00:00,6,26.9
2026-06-05 16:00:00,6,26.7
2026-06-05 17:00:00,6,26.5
2026-06-05 18:00:00,6,26.3
2026-06-05 19:00:00,6,26.1
2026-06-05 20:00:00,6,26.0
2026-06-05 21:00:00,6,25.9
2026-06-05 22:00:00,6,26.0
2026-06-05 23:00:00,6,26.2
2026-06-06 00:00:00,6,26.8
2026-06-06 01:00:00,6,28.2
2026-06-06 02:00:00,6,30.0
2026-06-06 03:00:00,6,31.5
2026-06-06 04:00:00,6,32.4
2026-06-06 05:00:00,6,33.0
2026-06-06 06:00:00,6,33.3
2026-06-06 07:00:00,6,33.4
2026-06-06 08:00:00,6,33.2
2026-06-06 09:00:00,6,32.6
2026-06-06 10:00:00,6,31.3
2026-06-06 11:00:00,6,29.6
2026-06-06 12:00:00,6,28.3
2026-06-06 13:00:00,6,27.6
2026-06-06 14:00:00,6,27.3
2026-06-06 15:00:00,6,27.1
2026-06-06 16:00:00,6,27.0
2026-06-06 17:00:00,6,27.0
2026-06-06 18:00:00,6,26.8
2026-06-06 19:00:00,6,26.3
2026-06-06 20:00:00,6,25.6
2026-06-06 21:00:00,6,25.3
2026-06-06 22:00:00,6,25.5
2026-06-06 23:00:00,6,26.1
2026-06-04 00:00:00,7,27.4
2026-06-04 01:00:00,7,27.9
2026-06-04 02:00:00,7,28.5
2026-06-04 03:00:00,7,29.0
2026-06-04 04:00:00,7,29.2
2026-06-04 05:00:00,7,29.4
2026-06-04 06:00:00,7,29.4
2026-06-04 07:00:00,7,29.4
2026-06-04 08:00:00,7,29.4
2026-06-04 09:00:00,7,29.3
2026-06-04 10:00:00,7,29.0
2026-06-04 11:00:00,7,28.6
2026-06-04 12:00:00,7,28.4
2026-06-04 13:00:00,7,28.3
2026-06-04 14:00:00,7,28.4
2026-06-04 15:00:00,7,28.4
2026-06-04 16:00:00,7,28.2
2026-06-04 17:00:00,7,28.0
2026-06-04 18:00:00,7,27.8
2026-06-04 19:00:00,7,27.6
2026-06-04 20:00:00,7,27.4
2026-06-04 21:00:00,7,27.2
2026-06-04 22:00:00,7,27.2
2026-06-04 23:00:00,7,27.2
2026-06-05 00:00:00,7,26.7
2026-06-05 01:00:00,7,27.8
2026-06-05 02:00:00,7,29.2
2026-06-05 03:00:00,7,30.4
2026-06-05 04:00:00,7,31.3
2026-06-05 05:00:00,7,31.9
2026-06-05 06:00:00,7,32.3
2026-06-05 07:00:00,7,32.5
2026-06-05 08:00:00,7,32.5
2026-06-05 09:00:00,7,32.1
2026-06-05 10:00:00,7,31.0
2026-06-05 11:00:00,7,29.4
2026-06-05 12:00:00,7,28.1
2026-06-05 13:00:00,7,27.4
2026-06-05 14:00:00,7,27.0
2026-06-05 15:00:00,7,26.7
2026-06-05 16:00:00,7,26.4
2026-06-05 17:00:00,7,26.2
2026-06-05 18:00:00,7,26.1
2026-06-05 19:00:00,7,25.9
2026-06-05 20:00:00,7,25.8
2026-06-05 21:00:00,7,25.7
2026-06-05 22:00:00,7,25.7
2026-06-05 23:00:00,7,25.8
2026-06-06 00:00:00,7,26.3
2026-06-06 01:00:00,7,27.6
2026-06-06 02:00:00,7,29.4
2026-06-06 03:00:00,7,31.0
2026-06-06 04:00:00,7,32.0
2026-06-06 05:00:00,7,32.7
2026-06-06 06:00:00,7,33.1
2026-06-06 07:00:00,7,33.0
2026-06-06 08:00:00,7,32.6
2026-06-06 09:00:00,7,31.9
2026-06-06 10:00:00,7,30.7
2026-06-06 11:00:00,7,29.2
2026-06-06 12:00:00,7,28.0
2026-06-06 13:00:00,7,27.5
2026-06-06 14:00:00,7,27.3
2026-06-06 15:00:00,7,27.1
2026-06-06 16:00:00,7,26.9
2026-06-06 17:00:00,7,26.8
2026-06-06 18:00:00,7,26.5
2026-06-06 19:00:00,7,26.1
2026-06-06 20:00:00,7,25.5
2026-06-06 21:00:00,7,25.3
2026-06-06 22:00:00,7,25.6
2026-06-06 23:00:00,7,26.2
2026-06-04 00:00:00,8,27.9
2026-06-04 01:00:00,8,28.4
2026-06-04 02:00:00,8,29.0
2026-06-04 03:00:00,8,29.5
2026-06-04 04:00:00,8,29.5
2026-06-04 05:00:00,8,29.4
2026-06-04 06:00:00,8,29.3
2026-06-04 07:00:00,8,29.4
2026-06-04 08:00:00,8,29.5
2026-06-04 09:00:00,8,29.5
2026-06-04 10:00:00,8,29.2
2026-06-04 11:00:00,8,28.9
2026-06-04 12:00:00,8,28.6
2026-06-04 13:00:00,8,28.5
2026-06-04 14:00:00,8,28.5
2026-06-04 15:00:00,8,28.5
2026-06-04 16:00:00,8,28.3
2026-06-04 17:00:00,8,28.1
2026-06-04 18:00:00,8,27.9
2026-06-04 19:00:00,8,27.7
2026-06-04 20:00:00,8,27.5
2026-06-04 21:00:00,8,27.4
2026-06-04 22:00:00,8,27.3
2026-06-04 23:00:00,8,27.2
2026-06-05 00:00:00,8,26.5
2026-06-05 01:00:00,8,27.4
2026-06-05 02:00:00,8,28.7
2026-06-05 03:00:00,8,29.9
2026-06-05 04:00:00,8,30.9
2026-06-05 05:00:00,8,31.8
2026-06-05 06:00:00,8,32.4
2026-06-05 07:00:00,8,32.7
2026-06-05 08:00:00,8,32.7
2026-06-05 09:00:00,8,32.3
2026-06-05 10:00:00,8,31.2
2026-06-05 11:00:00,8,29.7
2026-06-05 12:00:00,8,28.5
2026-06-05 13:00:00,8,27.8
2026-06-05 14:00:00,8,27.4
2026-06-05 15:00:00,8,27.0
2026-06-05 16:00:00,8,26.7
2026-06-05 17:00:00,8,26.4
2026-06-05 18:00:00,8,26.2
2026-06-05 19:00:00,8,26.0
2026-06-05 20:00:00,8,25.8
2026-06-05 21:00:00,8,25.7
2026-06-05 22:00:00,8,25.7
2026-06-05 23:00:00,8,25.9
2026-06-06 00:00:00,8,26.4
2026-06-06 01:00:00,8,27.7
2026-06-06 02:00:00,8,29.4
2026-06-06 03:00:00,8,30.8
2026-06-06 04:00:00,8,31.9
2026-06-06 05:00:00,8,32.7
2026-06-06 06:00:00,8,33.2
2026-06-06 07:00:00,8,33.4
2026-06-06 08:00:00,8,33.4
2026-06-06 09:00:00,8,32.9
2026-06-06 10:00:00,8,31.6
2026-06-06 11:00:00,8,29.8
2026-06-06 12:00:00,8,28.3
2026-06-06 13:00:00,8,27.6
2026-06-06 14:00:00,8,27.2
2026-06-06 15:00:00,8,26.9
2026-06-06 16:00:00,8,26.8
2026-06-06 17:00:00,8,26.7
2026-06-06 18:00:00,8,26.6
2026-06-06 19:00:00,8,26.2
2026-06-06 20:00:00,8,25.7
2026-06-06 21:00:00,8,25.5
2026-06-06 22:00:00,8,25.4
2026-06-06 23:00:00,8,25.6
2026-06-04 00:00:00,9,27.5
2026-06-04 01:00:00,9,28.1
2026-06-04 02:00:00,9,28.9
2026-06-04 03:00:00,9,29.5
2026-06-04 04:00:00,9,29.6
2026-06-04 05:00:00,9,29.4
2026-06-04 06:00:00,9,29.3
2026-06-04 07:00:00,9,29.3
2026-06-04 08:00:00,9,29.4
2026-06-04 09:00:00,9,29.4
2026-06-04 10:00:00,9,29.2
2026-06-04 11:00:00,9,28.9
2026-06-04 12:00:00,9,28.7
2026-06-04 13:00:00,9,28.6
2026-06-04 14:00:00,9,28.6
2026-06-04 15:00:00,9,28.5
2026-06-04 16:00:00,9,28.3
2026-06-04 17:00:00,9,28.0
2026-06-04 18:00:00,9,27.8
2026-06-04 19:00:00,9,27.6
2026-06-04 20:00:00,9,27.5
2026-06-04 21:00:00,9,27.4
2026-06-04 22:00:00,9,27.2
2026-06-04 23:00:00,9,27.1
2026-06-05 00:00:00,9,26.6
2026-06-05 01:00:00,9,27.5
2026-06-05 02:00:00,9,28.9
2026-06-05 03:00:00,9,30.1
2026-06-05 04:00:00,9,31.0
2026-06-05 05:00:00,9,31.9
2026-06-05 06:00:00,9,32.4
2026-06-05 07:00:00,9,32.5
2026-06-05 08:00:00,9,32.2
2026-06-05 09:00:00,9,31.7
2026-06-05 10:00:00,9,30.8
2026-06-05 11:00:00,9,29.6
2026-06-05 12:00:00,9,28.5
2026-06-05 13:00:00,9,27.9
2026-06-05 14:00:00,9,27.4
2026-06-05 15:00:00,9,27.1
2026-06-05 16:00:00,9,26.8
2026-06-05 17:00:00,9,26.6
2026-06-05 18:00:00,9,26.5
2026-06-05 19:00:00,9,26.3
2026-06-05 20:00:00,9,26.1
2026-06-05 21:00:00,9,26.0
2026-06-05 22:00:00,9,25.9
2026-06-05 23:00:00,9,26.0
2026-06-06 00:00:00,9,26.4
2026-06-06 01:00:00,9,27.7
2026-06-06 02:00:00,9,29.4
2026-06-06 03:00:00,9,30.9
2026-06-06 04:00:00,9,32.0
2026-06-06 05:00:00,9,32.9
2026-06-06 06:00:00,9,33.4
2026-06-06 07:00:00,9,33.2
2026-06-06 08:00:00,9,32.5
2026-06-06 09:00:00,9,31.7
2026-06-06 10:00:00,9,30.5
2026-06-06 11:00:00,9,29.1
2026-06-06 12:00:00,9,27.9
2026-06-06 13:00:00,9,27.3
2026-06-06 14:00:00,9,27.0
2026-06-06 15:00:00,9,26.8
2026-06-06 16:00:00,9,26.7
2026-06-06 17:00:00,9,26.7
2026-06-06 18:00:00,9,26.6
2026-06-06 19:00:00,9,26.2
2026-06-06 20:00:00,9,25.7
2026-06-06 21:00:00,9,25.5
2026-06-06 22:00:00,9,25.6
2026-06-06 23:00:00,9,26.0
2026-06-04 00:00:00,10,27.6
2026-06-04 01:00:00,10,28.1
2026-06-04 02:00:00,10,28.8
2026-06-04 03:00:00,10,29.3
2026-06-04 04:00:00,10,29.6
2026-06-04 05:00:00,10,29.7
2026-06-04 06:00:00,10,29.7
2026-06-04 07:00:00,10,29.6
2026-06-04 08:00:00,10,29.4
2026-06-04 09:00:00,10,29.2
2026-06-04 10:00:00,10,28.9
2026-06-04 11:00:00,10,28.7
2026-06-04 12:00:00,10,28.5
2026-06-04 13:00:00,10,28.5
2026-06-04 14:00:00,10,28.5
2026-06-04 15:00:00,10,28.5
2026-06-04 16:00:00,10,28.2
2026-06-04 17:00:00,10,27.9
2026-06-04 18:00:00,10,27.7
2026-06-04 19:00:00,10,27.5
2026-06-04 20:00:00,10,27.5
2026-06-04 21:00:00,10,27.4
2026-06-04 22:00:00,10,27.3
2026-06-04 23:00:00,10,27.2
2026-06-05 00:00:00,10,26.6
2026-06-05 01:00:00,10,27.5
2026-06-05 02:00:00,10,28.9
2026-06-05 03:00:00,10,30.1
2026-06-05 04:00:00,10,31.2
2026-06-05 05:00:00,10,32.2
2026-06-05 06:00:00,10,32.8
2026-06-05 07:00:00,10,33.0
2026-06-05 08:00:00,10,32.7
2026-06-05 09:00:00,10,32.2
2026-06-05 10:00:00,10,31.1
2026-06-05 11:00:00,10,29.8
2026-06-05 12:00:00,10,28.6
2026-06-05 13:00:00,10,27.9
2026-06-05 14:00:00,10,27.5
2026-06-05 15:00:00,10,27.1
2026-06-05 16:00:00,10,26.8
2026-06-05 17:00:00,10,26.6
2026-06-05 18:00:00,10,26.4
2026-06-05 19:00:00,10,26.2
2026-06-05 20:00:00,10,26.0
2026-06-05 21:00:00,10,25.9
2026-06-05 22:00:00,10,26.0
2026-06-05 23:00:00,10,26.2
2026-06-06 00:00:00,10,26.7
2026-06-06 01:00:00,10,27.7
2026-06-06 02:00:00,10,29.1
2026-06-06 03:00:00,10,30.2
2026-06-06 04:00:00,10,31.0
2026-06-06 05:00:00,10,31.5
2026-06-06 06:00:00,10,31.7
2026-06-06 07:00:00,10,31.5
2026-06-06 08:00:00,10,31.0
2026-06-06 09:00:00,10,30.4
2026-06-06 10:00:00,10,29.6
2026-06-06 11:00:00,10,28.8
2026-06-06 12:00:00,10,28.1
2026-06-06 13:00:00,10,27.6
2026-06-06 14:00:00,10,27.4
2026-06-06 15:00:00,10,27.1
2026-06-06 16:00:00,10,26.9
2026-06-06 17:00:00,10,26.7
2026-06-06 18:00:00,10,26.4
2026-06-06 19:00:00,10,25.9
2026-06-06 20:00:00,10,25.4
2026-06-06 21:00:00,10,25.2
2026-06-06 22:00:00,10,25.4
2026-06-06 23:00:00,10,26.0
2026-06-04 00:00:00,11,27.6
2026-06-04 01:00:00,11,28.0
2026-06-04 02:00:00,11,28.7
2026-06-04 03:00:00,11,29.2
2026-06-04 04:00:00,11,29.3
2026-06-04 05:00:00,11,29.3
2026-06-04 06:00:00,11,29.3
2026-06-04 07:00:00,11,29.4
2026-06-04 08:00:00,11,29.4
2026-06-04 09:00:00,11,29.3
2026-06-04 10:00:00,11,29.0
2026-06-04 11:00:00,11,28.6
2026-06-04 12:00:00,11,28.4
2026-06-04 13:00:00,11,28.3
2026-06-04 14:00:00,11,28.4
2026-06-04 15:00:00,11,28.4
2026-06-04 16:00:00,11,28.2
2026-06-04 17:00:00,11,27.9
2026-06-04 18:00:00,11,27.7
2026-06-04 19:00:00,11,27.6
2026-06-04 20:00:00,11,27.4
2026-06-04 21:00:00,11,27.3
2026-06-04 22:00:00,11,27.2
2026-06-04 23:00:00,11,27.1
2026-06-05 00:00:00,11,26.5
2026-06-05 01:00:00,11,27.6
2026-06-05 02:00:00,11,29.2
2026-06-05 03:00:00,11,30.5
2026-06-05 04:00:00,11,31.0
2026-06-05 05:00:00,11,31.2
2026-06-05 06:00:00,11,31.3
2026-06-05 07:00:00,11,31.5
2026-06-05 08:00:00,11,31.7
2026-06-05 09:00:00,11,31.5
2026-06-05 10:00:00,11,30.7
2026-06-05 11:00:00,11,29.4
2026-06-05 12:00:00,11,28.4
2026-06-05 13:00:00,11,27.8
2026-06-05 14:00:00,11,27.5
2026-06-05 15:00:00,11,27.1
2026-06-05 16:00:00,11,26.8
2026-06-05 17:00:00,11,26.6
2026-06-05 18:00:00,11,26.4
2026-06-05 19:00:00,11,26.1
2026-06-05 20:00:00,11,25.9
2026-06-05 21:00:00,11,25.9
2026-06-05 22:00:00,11,25.9
2026-06-05 23:00:00,11,26.0
2026-06-06 00:00:00,11,26.6
2026-06-06 01:00:00,11,27.8
2026-06-06 02:00:00,11,29.3
2026-06-06 03:00:00,11,30.7
2026-06-06 04:00:00,11,31.7
2026-06-06 05:00:00,11,32.5
2026-06-06 06:00:00,11,32.9
2026-06-06 07:00:00,11,32.7
2026-06-06 08:00:00,11,32.2
2026-06-06 09:00:00,11,31.4
2026-06-06 10:00:00,11,30.2
2026-06-06 11:00:00,11,28.8
2026-06-06 12:00:00,11,27.7
2026-06-06 13:00:00,11,27.1
2026-06-06 14:00:00,11,26.8
2026-06-06 15:00:00,11,26.6
2026-06-06 16:00:00,11,26.5
2026-06-06 17:00:00,11,26.6
2026-06-06 18:00:00,11,26.5
2026-06-06 19:00:00,11,26.1
2026-06-06 20:00:00,11,25.5
2026-06-06 21:00:00,11,25.3
2026-06-06 22:00:00,11,25.4
2026-06-06 23:00:00,11,25.9
2026-06-04 00:00:00,12,27.4
2026-06-04 01:00:00,12,28.0
2026-06-04 02:00:00,12,28.8
2026-06-04 03:00:00,12,29.4
2026-06-04 04:00:00,12,29.7
2026-06-04 05:00:00,12,29.7
2026-06-04 06:00:00,12,29.7
2026-06-04 07:00:00,12,29.7
2026-06-04 08:00:00,12,29.6
2026-06-04 09:00:00,12,29.5
2026-06-04 10:00:00,12,29.2
2026-06-04 11:00:00,12,28.9
2026-06-04 12:00:00,12,28.6
2026-06-04 13:00:00,12,28.6
2026-06-04 14:00:00,12,28.6
2026-06-04 15:00:00,12,28.5
2026-06-04 16:00:00,12,28.2
2026-06-04 17:00:00,12,27.8
2026-06-04 18:00:00,12,27.6
2026-06-04 19:00:00,12,27.5
2026-06-04 20:00:00,12,27.5
2026-06-04 21:00:00,12,27.4
2026-06-04 22:00:00,12,27.2
2026-06-04 23:00:00,12,26.9
2026-06-05 00:00:00,12,26.4
2026-06-05 01:00:00,12,27.5
2026-06-05 02:00:00,12,28.9
2026-06-05 03:00:00,12,30.2
2026-06-05 04:00:00,12,31.2
2026-06-05 05:00:00,12,32.0
2026-06-05 06:00:00,12,32.4
2026-06-05 07:00:00,12,32.4
2026-06-05 08:00:00,12,32.1
2026-06-05 09:00:00,12,31.5
2026-06-05 10:00:00,12,30.6
2026-06-05 11:00:00,12,29.4
2026-06-05 12:00:00,12,28.5
2026-06-05 13:00:00,12,27.8
2026-06-05 14:00:00,12,27.3
2026-06-05 15:00:00,12,26.9
2026-06-05 16:00:00,12,26.7
2026-06-05 17:00:00,12,26.6
2026-06-05 18:00:00,12,26.4
2026-06-05 19:00:00,12,26.2
2026-06-05 20:00:00,12,25.9
2026-06-05 21:00:00,12,25.8
2026-06-05 22:00:00,12,25.8
2026-06-05 23:00:00,12,25.9
2026-06-06 00:00:00,12,26.5
2026-06-06 01:00:00,12,27.7
2026-06-06 02:00:00,12,29.3
2026-06-06 03:00:00,12,30.7
2026-06-06 04:00:00,12,31.7
2026-06-06 05:00:00,12,32.5
2026-06-06 06:00:00,12,32.9
2026-06-06 07:00:00,12,32.7
2026-06-06 08:00:00,12,32.1
2026-06-06 09:00:00,12,31.3
2026-06-06 10:00:00,12,30.1
2026-06-06 11:00:00,12,28.7
2026-06-06 12:00:00,12,27.6
2026-06-06 13:00:00,12,27.1
2026-06-06 14:00:00,12,26.8
2026-06-06 15:00:00,12,26.7
2026-06-06 16:00:00,12,26.6
2026-06-06 17:00:00,12,26.7
2026-06-06 18:00:00,12,26.6
2026-06-06 19:00:00,12,26.2
2026-06-06 20:00:00,12,25.6
2026-06-06 21:00:00,12,25.3
2026-06-06 22:00:00,12,25.4
2026-06-06 23:00:00,12,25.7
2026-06-04 00:00:00,13,27.5
2026-06-04 01:00:00,13,28.0
2026-06-04 02:00:00,13,28.8
2026-06-04 03:00:00,13,29.3
2026-06-04 04:00:00,13,29.3
2026-06-04 05:00:00,13,29.1
2026-06-04 06:00:00,13,28.9
2026-06-04 07:00:00,13,28.9
2026-06-04 08:00:00,13,28.8
2026-06-04 09:00:00,13,28.8
2026-06-04 10:00:00,13,28.7
2026-06-04 11:00:00,13,28.6
2026-06-04 12:00:00,13,28.5
2026-06-04 13:00:00,13,28.4
2026-06-04 14:00:00,13,28.4
2026-06-04 15:00:00,13,28.3
2026-06-04 16:00:00,13,28.1
2026-06-04 17:00:00,13,27.9
2026-06-04 18:00:00,13,27.7
2026-06-04 19:00:00,13,27.6
2026-06-04 20:00:00,13,27.5
2026-06-04 21:00:00,13,27.4
2026-06-04 22:00:00,13,27.2
2026-06-04 23:00:00,13,27.1
2026-06-05 00:00:00,13,26.4
2026-06-05 01:00:00,13,27.5
2026-06-05 02:00:00,13,28.9
2026-06-05 03:00:00,13,30.2
2026-06-05 04:00:00,13,31.0
2026-06-05 05:00:00,13,31.7
2026-06-05 06:00:00,13,32.1
2026-06-05 07:00:00,13,32.4
2026-06-05 08:00:00,13,32.4
2026-06-05 09:00:00,13,32.1
2026-06-05 10:00:00,13,31.0
2026-06-05 11:00:00,13,29.5
2026-06-05 12:00:00,13,28.3
2026-06-05 13:00:00,13,27.7
2026-06-05 14:00:00,13,27.3
2026-06-05 15:00:00,13,26.9
2026-06-05 16:00:00,13,26.6
2026-06-05 17:00:00,13,26.4
2026-06-05 18:00:00,13,26.2
2026-06-05 19:00:00,13,26.0
2026-06-05 20:00:00,13,25.8
2026-06-05 21:00:00,13,25.7
2026-06-05 22:00:00,13,25.7
2026-06-05 23:00:00,13,25.9
2026-06-06 00:00:00,13,26.4
2026-06-06 01:00:00,13,27.5
2026-06-06 02:00:00,13,29.0
2026-06-06 03:00:00,13,30.3
2026-06-06 04:00:00,13,31.3
2026-06-06 05:00:00,13,32.1
2026-06-06 06:00:00,13,32.6
2026-06-06 07:00:00,13,32.4
2026-06-06 08:00:00,13,31.8
2026-06-06 09:00:00,13,31.1
2026-06-06 10:00:00,13,30.1
2026-06-06 11:00:00,13,28.9
2026-06-06 12:00:00,13,27.9
2026-06-06 13:00:00,13,27.3
2026-06-06 14:00:00,13,26.9
2026-06-06 15:00:00,13,26.7
2026-06-06 16:00:00,13,26.6
2026-06-06 17:00:00,13,26.6
2026-06-06 18:00:00,13,26.5
2026-06-06 19:00:00,13,26.1
2026-06-06 20:00:00,13,25.6
2026-06-06 21:00:00,13,25.4
2026-06-06 22:00:00,13,25.6
2026-06-06 23:00:00,13,26.1
2026-06-04 00:00:00,14,27.5
2026-06-04 01:00:00,14,28.1
2026-06-04 02:00:00,14,29.0
2026-06-04 03:00:00,14,29.6
2026-06-04 04:00:00,14,29.7
2026-06-04 05:00:00,14,29.6
2026-06-04 06:00:00,14,29.5
2026-06-04 07:00:00,14,29.6
2026-06-04 08:00:00,14,29.6
2026-06-04 09:00:00,14,29.6
2026-06-04 10:00:00,14,29.3
2026-06-04 11:00:00,14,28.9
2026-06-04 12:00:00,14,28.6
2026-06-04 13:00:00,14,28.6
2026-06-04 14:00:00,14,28.6
2026-06-04 15:00:00,14,28.5
2026-06-04 16:00:00,14,28.3
2026-06-04 17:00:00,14,28.0
2026-06-04 18:00:00,14,27.7
2026-06-04 19:00:00,14,27.6
2026-06-04 20:00:00,14,27.5
2026-06-04 21:00:00,14,27.4
2026-06-04 22:00:00,14,27.2
2026-06-04 23:00:00,14,26.9
2026-06-05 00:00:00,14,26.4
2026-06-05 01:00:00,14,27.5
2026-06-05 02:00:00,14,29.0
2026-06-05 03:00:00,14,30.3
2026-06-05 04:00:00,14,31.4
2026-06-05 05:00:00,14,32.2
2026-06-05 06:00:00,14,32.8
2026-06-05 07:00:00,14,32.9
2026-06-05 08:00:00,14,32.7
2026-06-05 09:00:00,14,32.1
2026-06-05 10:00:00,14,31.0
2026-06-05 11:00:00,14,29.5
2026-06-05 12:00:00,14,28.3
2026-06-05 13:00:00,14,27.6
2026-06-05 14:00:00,14,27.2
2026-06-05 15:00:00,14,26.8
2026-06-05 16:00:00,14,26.5
2026-06-05 17:00:00,14,26.3
2026-06-05 18:00:00,14,26.2
2026-06-05 19:00:00,14,26.0
2026-06-05 20:00:00,14,25.9
2026-06-05 21:00:00,14,25.9
2026-06-05 22:00:00,14,25.8
2026-06-05 23:00:00,14,25.9
2026-06-06 00:00:00,14,26.4
2026-06-06 01:00:00,14,27.8
2026-06-06 02:00:00,14,29.7
2026-06-06 03:00:00,14,31.2
2026-06-06 04:00:00,14,32.1
2026-06-06 05:00:00,14,32.6
2026-06-06 06:00:00,14,32.9
2026-06-06 07:00:00,14,32.9
2026-06-06 08:00:00,14,32.7
2026-06-06 09:00:00,14,32.1
2026-06-06 10:00:00,14,30.9
2026-06-06 11:00:00,14,29.3
2026-06-06 12:00:00,14,28.0
2026-06-06 13:00:00,14,27.4
2026-06-06 14:00:00,14,27.0
2026-06-06 15:00:00,14,26.8
2026-06-06 16:00:00,14,26.7
2026-06-06 17:00:00,14,26.7
2026-06-06 18:00:00,14,26.6
2026-06-06 19:00:00,14,26.1
2026-06-06 20:00:00,14,25.6
2026-06-06 21:00:00,14,25.4
2026-06-06 22:00:00,14,25.7
2026-06-06 23:00:00,14,26.4
2026-06-04 00:00:00,15,27.7
2026-06-04 01:00:00,15,28.2
2026-06-04 02:00:00,15,28.8
2026-06-04 03:00:00,15,29.3
2026-06-04 04:00:00,15,29.4
2026-06-04 05:00:00,15,29.3
2026-06-04 06:00:00,15,29.2
2026-06-04 07:00:00,15,29.2
2026-06-04 08:00:00,15,29.2
2026-06-04 09:00:00,15,29.1
2026-06-04 10:00:00,15,28.9
2026-06-04 11:00:00,15,28.6
2026-06-04 12:00:00,15,28.4
2026-06-04 13:00:00,15,28.4
2026-06-04 14:00:00,15,28.4
2026-06-04 15:00:00,15,28.4
2026-06-04 16:00:00,15,28.2
2026-06-04 17:00:00,15,28.0
2026-06-04 18:00:00,15,27.8
2026-06-04 19:00:00,15,27.6
2026-06-04 20:00:00,15,27.6
2026-06-04 21:00:00,15,27.5
2026-06-04 22:00:00,15,27.3
2026-06-04 23:00:00,15,27.2
2026-06-05 00:00:00,15,26.7
2026-06-05 01:00:00,15,27.7
2026-06-05 02:00:00,15,29.0
2026-06-05 03:00:00,15,30.3
2026-06-05 04:00:00,15,31.5
2026-06-05 05:00:00,15,32.6
2026-06-05 06:00:00,15,33.2
2026-06-05 07:00:00,15,33.2
2026-06-05 08:00:00,15,32.8
2026-06-05 09:00:00,15,32.0
2026-06-05 10:00:00,15,30.8
2026-06-05 11:00:00,15,29.3
2026-06-05 12:00:00,15,28.1
2026-06-05 13:00:00,15,27.4
2026-06-05 14:00:00,15,27.1
2026-06-05 15:00:00,15,26.8
2026-06-05 16:00:00,15,26.6
2026-06-05 17:00:00,15,26.4
2026-06-05 18:00:00,15,26.2
2026-06-05 19:00:00,15,26.0
2026-06-05 20:00:00,15,25.8
2026-06-05 21:00:00,15,25.7
2026-06-05 22:00:00,15,25.7
2026-06-05 23:00:00,15,25.9
2026-06-06 00:00:00,15,26.5
2026-06-06 01:00:00,15,27.8
2026-06-06 02:00:00,15,29.6
2026-06-06 03:00:00,15,31.2
2026-06-06 04:00:00,15,32.4
2026-06-06 05:00:00,15,33.4
2026-06-06 06:00:00,15,34.0
2026-06-06 07:00:00,15,34.0
2026-06-06 08:00:00,15,33.7
2026-06-06 09:00:00,15,32.9
2026-06-06 10:00:00,15,31.6
2026-06-06 11:00:00,15,29.8
2026-06-06 12:00:00,15,28.5
2026-06-06 13:00:00,15,27.8
2026-06-06 14:00:00,15,27.6
2026-06-06 15:00:00,15,27.3
2026-06-06 16:00:00,15,27.0
2026-06-06 17:00:00,15,26.7
2026-06-06 18:00:00,15,26.4
2026-06-06 19:00:00,15,25.9
2026-06-06 20:00:00,15,25.3
2026-06-06 21:00:00,15,25.1
2026-06-06 22:00:00,15,25.4
2026-06-06 23:00:00,15,26.1
2026-06-04 00:00:00,16,27.7
2026-06-04 01:00:00,16,28.2
2026-06-04 02:00:00,16,28.9
2026-06-04 03:00:00,16,29.4
2026-06-04 04:00:00,16,29.5
2026-06-04 05:00:00,16,29.5
2026-06-04 06:00:00,16,29.5
2026-06-04 07:00:00,16,29.4
2026-06-04 08:00:00,16,29.3
2026-06-04 09:00:00,16,29.2
2026-06-04 10:00:00,16,28.9
2026-06-04 11:00:00,16,28.7
2026-06-04 12:00:00,16,28.5
2026-06-04 13:00:00,16,28.4
2026-06-04 14:00:00,16,28.4
2026-06-04 15:00:00,16,28.4
2026-06-04 16:00:00,16,28.2
2026-06-04 17:00:00,16,27.9
2026-06-04 18:00:00,16,27.7
2026-06-04 19:00:00,16,27.6
2026-06-04 20:00:00,16,27.5
2026-06-04 21:00:00,16,27.4
2026-06-04 22:00:00,16,27.3
2026-06-04 23:00:00,16,27.2
2026-06-05 00:00:00,16,26.4
2026-06-05 01:00:00,16,27.3
2026-06-05 02:00:00,16,28.5
2026-06-05 03:00:00,16,29.7
2026-06-05 04:00:00,16,30.8
2026-06-05 05:00:00,16,31.8
2026-06-05 06:00:00,16,32.4
2026-06-05 07:00:00,16,32.6
2026-06-05 08:00:00,16,32.4
2026-06-05 09:00:00,16,31.8
2026-06-05 10:00:00,16,30.8
2026-06-05 11:00:00,16,29.4
2026-06-05 12:00:00,16,28.2
2026-06-05 13:00:00,16,27.5
2026-06-05 14:00:00,16,27.0
2026-06-05 15:00:00,16,26.6
2026-06-05 16:00:00,16,26.3
2026-06-05 17:00:00,16,26.2
2026-06-05 18:00:00,16,26.0
2026-06-05 19:00:00,16,25.8
2026-06-05 20:00:00,16,25.7
2026-06-05 21:00:00,16,25.6
2026-06-05 22:00:00,16,25.7
2026-06-05 23:00:00,16,25.8
2026-06-06 00:00:00,16,26.4
2026-06-06 01:00:00,16,27.6
2026-06-06 02:00:00,16,29.3
2026-06-06 03:00:00,16,30.7
2026-06-06 04:00:00,16,31.6
2026-06-06 05:00:00,16,32.2
2026-06-06 06:00:00,16,32.5
2026-06-06 07:00:00,16,32.2
2026-06-06 08:00:00,16,31.5
2026-06-06 09:00:00,16,30.6
2026-06-06 10:00:00,16,29.6
2026-06-06 11:00:00,16,28.3
2026-06-06 12:00:00,16,27.4
2026-06-06 13:00:00,16,26.8
2026-06-06 14:00:00,16,26.5
2026-06-06 15:00:00,16,26.3
2026-06-06 16:00:00,16,26.3
2026-06-06 17:00:00,16,26.4
2026-06-06 18:00:00,16,26.4
2026-06-06 19:00:00,16,26.0
2026-06-06 20:00:00,16,25.6
2026-06-06 21:00:00,16,25.4
2026-06-06 22:00:00,16,25.5
2026-06-06 23:00:00,16,25.8
2026-06-04 00:00:00,17,27.5
2026-06-04 01:00:00,17,28.1
2026-06-04 02:00:00,17,28.9
2026-06-04 03:00:00,17,29.5
2026-06-04 04:00:00,17,29.8
2026-06-04 05:00:00,17,29.8
2026-06-04 06:00:00,17,29.8
2026-06-04 07:00:00,17,29.7
2026-06-04 08:00:00,17,29.4
2026-06-04 09:00:00,17,29.2
2026-06-04 10:00:00,17,29.0
2026-06-04 11:00:00,17,28.8
2026-06-04 12:00:00,17,28.6
2026-06-04 13:00:00,17,28.6
2026-06-04 14:00:00,17,28.6
2026-06-04 15:00:00,17,28.6
2026-06-04 16:00:00,17,28.3
2026-06-04 17:00:00,17,27.9
2026-06-04 18:00:00,17,27.5
2026-06-04 19:00:00,17,27.4
2026-06-04 20:00:00,17,27.3
2026-06-04 21:00:00,17,27.3
2026-06-04 22:00:00,17,27.1
2026-06-04 23:00:00,17,26.9
2026-06-05 00:00:00,17,26.3
2026-06-05 01:00:00,17,27.4
2026-06-05 02:00:00,17,28.8
2026-06-05 03:00:00,17,30.1
2026-06-05 04:00:00,17,31.0
2026-06-05 05:00:00,17,31.9
2026-06-05 06:00:00,17,32.4
2026-06-05 07:00:00,17,32.6
2026-06-05 08:00:00,17,32.6
2026-06-05 09:00:00,17,32.1
2026-06-05 10:00:00,17,31.0
2026-06-05 11:00:00,17,29.5
2026-06-05 12:00:00,17,28.3
2026-06-05 13:00:00,17,27.7
2026-06-05 14:00:00,17,27.3
2026-06-05 15:00:00,17,26.9
2026-06-05 16:00:00,17,26.6
2026-06-05 17:00:00,17,26.4
2026-06-05 18:00:00,17,26.2
2026-06-05 19:00:00,17,25.9
2026-06-05 20:00:00,17,25.7
2026-06-05 21:00:00,17,25.7
2026-06-05 22:00:00,17,25.7
2026-06-05 23:00:00,17,25.8
2026-06-06 00:00:00,17,26.4
2026-06-06 01:00:00,17,27.9
2026-06-06 02:00:00,17,29.9
2026-06-06 03:00:00,17,31.6
2026-06-06 04:00:00,17,32.8
2026-06-06 05:00:00,17,33.7
2026-06-06 06:00:00,17,34.2
2026-06-06 07:00:00,17,34.0
2026-06-06 08:00:00,17,33.4
2026-06-06 09:00:00,17,32.5
2026-06-06 10:00:00,17,31.0
2026-06-06 11:00:00,17,29.3
2026-06-06 12:00:00,17,27.9
2026-06-06 13:00:00,17,27.2
2026-06-06 14:00:00,17,26.9
2026-06-06 15:00:00,17,26.7
2026-06-06 16:00:00,17,26.5
2026-06-06 17:00:00,17,26.4
2026-06-06 18:00:00,17,26.1
2026-06-06 19:00:00,17,25.6
2026-06-06 20:00:00,17,25.0
2026-06-06 21:00:00,17,24.8
2026-06-06 22:00:00,17,25.0
2026-06-06 23:00:00,17,25.5
2026-06-04 00:00:00,18,27.6
2026-06-04 01:00:00,18,28.2
2026-06-04 02:00:00,18,28.9
2026-06-04 03:00:00,18,29.4
2026-06-04 04:00:00,18,29.4
2026-06-04 05:00:00,18,29.1
2026-06-04 06:00:00,18,28.9
2026-06-04 07:00:00,18,28.9
2026-06-04 08:00:00,18,29.0
2026-06-04 09:00:00,18,29.1
2026-06-04 10:00:00,18,29.0
2026-06-04 11:00:00,18,28.8
2026-06-04 12:00:00,18,28.6
2026-06-04 13:00:00,18,28.6
2026-06-04 14:00:00,18,28.5
2026-06-04 15:00:00,18,28.4
2026-06-04 16:00:00,18,28.2
2026-06-04 17:00:00,18,27.9
2026-06-04 18:00:00,18,27.6
2026-06-04 19:00:00,18,27.5
2026-06-04 20:00:00,18,27.3
2026-06-04 21:00:00,18,27.3
2026-06-04 22:00:00,18,27.2
2026-06-04 23:00:00,18,27.1
2026-06-05 00:00:00,18,26.5
2026-06-05 01:00:00,18,27.7
2026-06-05 02:00:00,18,29.3
2026-06-05 03:00:00,18,30.7
2026-06-05 04:00:00,18,31.7
2026-06-05 05:00:00,18,32.3
2026-06-05 06:00:00,18,32.7
2026-06-05 07:00:00,18,32.8
2026-06-05 08:00:00,18,32.6
2026-06-05 09:00:00,18,32.1
2026-06-05 10:00:00,18,31.0
2026-06-05 11:00:00,18,29.6
2026-06-05 12:00:00,18,28.4
2026-06-05 13:00:00,18,27.7
2026-06-05 14:00:00,18,27.2
2026-06-05 15:00:00,18,26.8
2026-06-05 16:00:00,18,26.5
2026-06-05 17:00:00,18,26.3
2026-06-05 18:00:00,18,26.1
2026-06-05 19:00:00,18,25.9
2026-06-05 20:00:00,18,25.7
2026-06-05 21:00:00,18,25.7
2026-06-05 22:00:00,18,25.7
2026-06-05 23:00:00,18,25.7
2026-06-06 00:00:00,18,26.3
2026-06-06 01:00:00,18,27.6
2026-06-06 02:00:00,18,29.3
2026-06-06 03:00:00,18,30.8
2026-06-06 04:00:00,18,31.8
2026-06-06 05:00:00,18,32.5
2026-06-06 06:00:00,18,32.9
2026-06-06 07:00:00,18,32.9
2026-06-06 08:00:00,18,32.7
2026-06-06 09:00:00,18,32.1
2026-06-06 10:00:00,18,30.9
2026-06-06 11:00:00,18,29.5
2026-06-06 12:00:00,18,28.3
2026-06-06 13:00:00,18,27.8
2026-06-06 14:00:00,18,27.5
2026-06-06 15:00:00,18,27.3
2026-06-06 16:00:00,18,26.9
2026-06-06 17:00:00,18,26.5
2026-06-06 18:00:00,18,26.2
2026-06-06 19:00:00,18,25.7
2026-06-06 20:00:00,18,25.3
2026-06-06 21:00:00,18,25.1
2026-06-06 22:00:00,18,25.3
2026-06-06 23:00:00,18,25.7
2026-06-04 00:00:00,19,27.3
2026-06-04 01:00:00,19,28.0
2026-06-04 02:00:00,19,28.9
2026-06-04 03:00:00,19,29.5
2026-06-04 04:00:00,19,29.5
2026-06-04 05:00:00,19,29.3
2026-06-04 06:00:00,19,29.2
2026-06-04 07:00:00,19,29.3
2026-06-04 08:00:00,19,29.4
2026-06-04 09:00:00,19,29.4
2026-06-04 10:00:00,19,29.0
2026-06-04 11:00:00,19,28.6
2026-06-04 12:00:00,19,28.2
2026-06-04 13:00:00,19,28.2
2026-06-04 14:00:00,19,28.4
2026-06-04 15:00:00,19,28.4
2026-06-04 16:00:00,19,28.3
2026-06-04 17:00:00,19,28.0
2026-06-04 18:00:00,19,27.8
2026-06-04 19:00:00,19,27.6
2026-06-04 20:00:00,19,27.4
2026-06-04 21:00:00,19,27.2
2026-06-04 22:00:00,19,27.1
2026-06-04 23:00:00,19,26.9
2026-06-05 00:00:00,19,26.3
2026-06-05 01:00:00,19,27.4
2026-06-05 02:00:00,19,29.0
2026-06-05 03:00:00,19,30.3
2026-06-05 04:00:00,19,31.2
2026-06-05 05:00:00,19,31.9
2026-06-05 06:00:00,19,32.3
2026-06-05 07:00:00,19,32.2
2026-06-05 08:00:00,19,31.9
2026-06-05 09:00:00,19,31.3
2026-06-05 10:00:00,19,30.4
2026-06-05 11:00:00,19,29.3
2026-06-05 12:00:00,19,28.4
2026-06-05 13:00:00,19,27.7
2026-06-05 14:00:00,19,27.2
2026-06-05 15:00:00,19,26.8
2026-06-05 16:00:00,19,26.5
2026-06-05 17:00:00,19,26.3
2026-06-05 18:00:00,19,26.1
2026-06-05 19:00:00,19,25.9
2026-06-05 20:00:00,19,25.7
2026-06-05 21:00:00,19,25.7
2026-06-05 22:00:00,19,25.7
2026-06-05 23:00:00,19,25.8
2026-06-06 00:00:00,19,26.4
2026-06-06 01:00:00,19,27.9
2026-06-06 02:00:00,19,29.7
2026-06-06 03:00:00,19,31.4
2026-06-06 04:00:00,19,32.5
2026-06-06 05:00:00,19,33.4
2026-06-06 06:00:00,19,33.9
2026-06-06 07:00:00,19,33.9
2026-06-06 08:00:00,19,33.6
2026-06-06 09:00:00,19,32.9
2026-06-06 10:00:00,19,31.5
2026-06-06 11:00:00,19,29.7
2026-06-06 12:00:00,19,28.4
2026-06-06 13:00:00,19,27.8
2026-06-06 14:00:00,19,27.5
2026-06-06 15:00:00,19,27.3
2026-06-06 16:00:00,19,27.1
2026-06-06 17:00:00,19,27.0
2026-06-06 18:00:00,19,26.8
2026-06-06 19:00:00,19,26.3
2026-06-06 20:00:00,19,25.7
2026-06-06 21:00:00,19,25.4
2026-06-06 22:00:00,19,25.5
2026-06-06 23:00:00,19,25.8
2026-06-04 00:00:00,20,27.5
2026-06-04 01:00:00,20,28.1
2026-06-04 02:00:00,20,28.9
2026-06-04 03:00:00,20,29.5
2026-06-04 04:00:00,20,29.6
2026-06-04 05:00:00,20,29.6
2026-06-04 06:00:00,20,29.5
2026-06-04 07:00:00,20,29.5
2026-06-04 08:00:00,20,29.5
2026-06-04 09:00:00,20,29.4
2026-06-04 10:00:00,20,29.0
2026-06-04 11:00:00,20,28.6
2026-06-04 12:00:00,20,28.3
2026-06-04 13:00:00,20,28.4
2026-06-04 14:00:00,20,28.6
2026-06-04 15:00:00,20,28.7
2026-06-04 16:00:00,20,28.4
2026-06-04 17:00:00,20,27.9
2026-06-04 18:00:00,20,27.6
2026-06-04 19:00:00,20,27.4
2026-06-04 20:00:00,20,27.3
2026-06-04 21:00:00,20,27.3
2026-06-04 22:00:00,20,27.3
2026-06-04 23:00:00,20,27.4
2026-06-05 00:00:00,20,26.8
2026-06-05 01:00:00,20,27.8
2026-06-05 02:00:00,20,29.2
2026-06-05 03:00:00,20,30.5
2026-06-05 04:00:00,20,31.5
2026-06-05 05:00:00,20,32.3
2026-06-05 06:00:00,20,32.7
2026-06-05 07:00:00,20,32.7
2026-06-05 08:00:00,20,32.4
2026-06-05 09:00:00,20,31.7
2026-06-05 10:00:00,20,30.7
2026-06-05 11:00:00,20,29.4
2026-06-05 12:00:00,20,28.3
2026-06-05 13:00:00,20,27.7
2026-06-05 14:00:00,20,27.3
2026-06-05 15:00:00,20,26.9
2026-06-05 16:00:00,20,26.6
2026-06-05 17:00:00,20,26.5
2026-06-05 18:00:00,20,26.3
2026-06-05 19:00:00,20,26.0
2026-06-05 20:00:00,20,25.8
2026-06-05 21:00:00,20,25.8
2026-06-05 22:00:00,20,25.8
2026-06-05 23:00:00,20,26.0
2026-06-06 00:00:00,20,26.6
2026-06-06 01:00:00,20,28.0
2026-06-06 02:00:00,20,30.0
2026-06-06 03:00:00,20,31.5
2026-06-06 04:00:00,20,32.3
2026-06-06 05:00:00,20,32.7
2026-06-06 06:00:00,20,32.8
2026-06-06 07:00:00,20,32.6
2026-06-06 08:00:00,20,32.1
2026-06-06 09:00:00,20,31.4
2026-06-06 10:00:00,20,30.2
2026-06-06 11:00:00,20,28.7
2026-06-06 12:00:00,20,27.5
2026-06-06 13:00:00,20,27.0
2026-06-06 14:00:00,20,26.8
2026-06-06 15:00:00,20,26.6
2026-06-06 16:00:00,20,26.5
2026-06-06 17:00:00,20,26.5
2026-06-06 18:00:00,20,26.4
2026-06-06 19:00:00,20,26.0
2026-06-06 20:00:00,20,25.4
2026-06-06 21:00:00,20,25.1
2026-06-06 22:00:00,20,25.2
2026-06-06 23:00:00,20,25.6
2026-06-04 00:00:00,21,27.4
2026-06-04 01:00:00,21,28.0
2026-06-04 02:00:00,21,28.7
2026-06-04 03:00:00,21,29.3
2026-06-04 04:00:00,21,29.5
2026-06-04 05:00:00,21,29.6
2026-06-04 06:00:00,21,29.6
2026-06-04 07:00:00,21,29.6
2026-06-04 08:00:00,21,29.6
2026-06-04 09:00:00,21,29.5
2026-06-04 10:00:00,21,29.1
2026-06-04 11:00:00,21,28.7
2026-06-04 12:00:00,21,28.4
2026-06-04 13:00:00,21,28.3
2026-06-04 14:00:00,21,28.4
2026-06-04 15:00:00,21,28.4
2026-06-04 16:00:00,21,28.2
2026-06-04 17:00:00,21,27.9
2026-06-04 18:00:00,21,27.7
2026-06-04 19:00:00,21,27.5
2026-06-04 20:00:00,21,27.4
2026-06-04 21:00:00,21,27.4
2026-06-04 22:00:00,21,27.3
2026-06-04 23:00:00,21,27.2
2026-06-05 00:00:00,21,26.7
2026-06-05 01:00:00,21,27.8
2026-06-05 02:00:00,21,29.4
2026-06-05 03:00:00,21,30.7
2026-06-05 04:00:00,21,31.8
2026-06-05 05:00:00,21,32.7
2026-06-05 06:00:00,21,33.0
2026-06-05 07:00:00,21,32.6
2026-06-05 08:00:00,21,31.8
2026-06-05 09:00:00,21,30.8
2026-06-05 10:00:00,21,30.0
2026-06-05 11:00:00,21,29.1
2026-06-05 12:00:00,21,28.3
2026-06-05 13:00:00,21,27.7
2026-06-05 14:00:00,21,27.1
2026-06-05 15:00:00,21,26.7
2026-06-05 16:00:00,21,26.4
2026-06-05 17:00:00,21,26.2
2026-06-05 18:00:00,21,26.0
2026-06-05 19:00:00,21,25.9
2026-06-05 20:00:00,21,25.7
2026-06-05 21:00:00,21,25.7
2026-06-05 22:00:00,21,25.7
2026-06-05 23:00:00,21,25.9
2026-06-06 00:00:00,21,26.4
2026-06-06 01:00:00,21,27.8
2026-06-06 02:00:00,21,29.6
2026-06-06 03:00:00,21,31.1
2026-06-06 04:00:00,21,32.2
2026-06-06 05:00:00,21,33.0
2026-06-06 06:00:00,21,33.4
2026-06-06 07:00:00,21,33.2
2026-06-06 08:00:00,21,32.5
2026-06-06 09:00:00,21,31.7
2026-06-06 10:00:00,21,30.5
2026-06-06 11:00:00,21,29.2
2026-06-06 12:00:00,21,28.1
2026-06-06 13:00:00,21,27.5
2026-06-06 14:00:00,21,27.3
2026-06-06 15:00:00,21,27.1
2026-06-06 16:00:00,21,26.9
2026-06-06 17:00:00,21,26.8
2026-06-06 18:00:00,21,26.6
2026-06-06 19:00:00,21,26.1
2026-06-06 20:00:00,21,25.5
2026-06-06 21:00:00,21,25.2
2026-06-06 22:00:00,21,25.4
2026-06-06 23:00:00,21,25.8
2026-06-04 00:00:00,22,27.7
2026-06-04 01:00:00,22,28.3
2026-06-04 02:00:00,22,29.0
2026-06-04 03:00:00,22,29.6
2026-06-04 04:00:00,22,29.7
2026-06-04 05:00:00,22,29.6
2026-06-04 06:00:00,22,29.5
2026-06-04 07:00:00,22,29.5
2026-06-04 08:00:00,22,29.4
2026-06-04 09:00:00,22,29.3
2026-06-04 10:00:00,22,29.0
2026-06-04 11:00:00,22,28.7
2026-06-04 12:00:00,22,28.5
2026-06-04 13:00:00,22,28.5
2026-06-04 14:00:00,22,28.5
2026-06-04 15:00:00,22,28.4
2026-06-04 16:00:00,22,28.1
2026-06-04 17:00:00,22,27.8
2026-06-04 18:00:00,22,27.6
2026-06-04 19:00:00,22,27.4
2026-06-04 20:00:00,22,27.3
2026-06-04 21:00:00,22,27.3
2026-06-04 22:00:00,22,27.1
2026-06-04 23:00:00,22,27.0
2026-06-05 00:00:00,22,26.4
2026-06-05 01:00:00,22,27.4
2026-06-05 02:00:00,22,28.8
2026-06-05 03:00:00,22,30.1
2026-06-05 04:00:00,22,31.1
2026-06-05 05:00:00,22,32.0
2026-06-05 06:00:00,22,32.6
2026-06-05 07:00:00,22,32.9
2026-06-05 08:00:00,22,32.8
2026-06-05 09:00:00,22,32.3
2026-06-05 10:00:00,22,31.1
2026-06-05 11:00:00,22,29.5
2026-06-05 12:00:00,22,28.2
2026-06-05 13:00:00,22,27.6
2026-06-05 14:00:00,22,27.2
2026-06-05 15:00:00,22,26.9
2026-06-05 16:00:00,22,26.7
2026-06-05 17:00:00,22,26.4
2026-06-05 18:00:00,22,26.3
2026-06-05 19:00:00,22,26.1
2026-06-05 20:00:00,22,25.9
2026-06-05 21:00:00,22,25.9
2026-06-05 22:00:00,22,25.9
2026-06-05 23:00:00,22,26.1
2026-06-06 00:00:00,22,26.7
2026-06-06 01:00:00,22,27.8
2026-06-06 02:00:00,22,29.4
2026-06-06 03:00:00,22,30.7
2026-06-06 04:00:00,22,31.6
2026-06-06 05:00:00,22,32.3
2026-06-06 06:00:00,22,32.8
2026-06-06 07:00:00,22,32.9
2026-06-06 08:00:00,22,32.7
2026-06-06 09:00:00,22,32.2
2026-06-06 10:00:00,22,31.0
2026-06-06 11:00:00,22,29.4
2026-06-06 12:00:00,22,28.2
2026-06-06 13:00:00,22,27.7
2026-06-06 14:00:00,22,27.5
2026-06-06 15:00:00,22,27.3
2026-06-06 16:00:00,22,27.1
2026-06-06 17:00:00,22,26.9
2026-06-06 18:00:00,22,26.7
2026-06-06 19:00:00,22,26.3
2026-06-06 20:00:00,22,25.8
2026-06-06 21:00:00,22,25.5
2026-06-06 22:00:00,22,25.5
2026-06-06 23:00:00,22,25.7
2026-06-04 00:00:00,23,27.5
2026-06-04 01:00:00,23,28.1
2026-06-04 02:00:00,23,28.8
2026-06-04 03:00:00,23,29.4
2026-06-04 04:00:00,23,29.6
2026-06-04 05:00:00,23,29.6
2026-06-04 06:00:00,23,29.5
2026-06-04 07:00:00,23,29.5
2026-06-04 08:00:00,23,29.5
2026-06-04 09:00:00,23,29.4
2026-06-04 10:00:00,23,29.1
2026-06-04 11:00:00,23,28.8
2026-06-04 12:00:00,23,28.5
2026-06-04 13:00:00,23,28.5
2026-06-04 14:00:00,23,28.5
2026-06-04 15:00:00,23,28.5
2026-06-04 16:00:00,23,28.3
2026-06-04 17:00:00,23,28.1
2026-06-04 18:00:00,23,27.9
2026-06-04 19:00:00,23,27.7
2026-06-04 20:00:00,23,27.5
2026-06-04 21:00:00,23,27.3
2026-06-04 22:00:00,23,27.2
2026-06-04 23:00:00,23,27.1
2026-06-05 00:00:00,23,26.4
2026-06-05 01:00:00,23,27.5
2026-06-05 02:00:00,23,29.0
2026-06-05 03:00:00,23,30.3
2026-06-05 04:00:00,23,31.3
2026-06-05 05:00:00,23,32.1
2026-06-05 06:00:00,23,32.6
2026-06-05 07:00:00,23,32.9
2026-06-05 08:00:00,23,32.8
2026-06-05 09:00:00,23,32.4
2026-06-05 10:00:00,23,31.2
2026-06-05 11:00:00,23,29.7
2026-06-05 12:00:00,23,28.4
2026-06-05 13:00:00,23,27.6
2026-06-05 14:00:00,23,27.2
2026-06-05 15:00:00,23,26.8
2026-06-05 16:00:00,23,26.6
2026-06-05 17:00:00,23,26.4
2026-06-05 18:00:00,23,26.3
2026-06-05 19:00:00,23,26.0
2026-06-05 20:00:00,23,25.8
2026-06-05 21:00:00,23,25.7
2026-06-05 22:00:00,23,25.7
2026-06-05 23:00:00,23,25.8
2026-06-06 00:00:00,23,26.4
2026-06-06 01:00:00,23,27.6
2026-06-06 02:00:00,23,29.3
2026-06-06 03:00:00,23,30.7
2026-06-06 04:00:00,23,31.9
2026-06-06 05:00:00,23,32.8
2026-06-06 06:00:00,23,33.5
2026-06-06 07:00:00,23,33.8
2026-06-06 08:00:00,23,33.8
2026-06-06 09:00:00,23,33.3
2026-06-06 10:00:00,23,31.8
2026-06-06 11:00:00,23,29.9
2026-06-06 12:00:00,23,28.4
2026-06-06 13:00:00,23,27.7
2026-06-06 14:00:00,23,27.5
2026-06-06 15:00:00,23,27.3
2026-06-06 16:00:00,23,27.0
2026-06-06 17:00:00,23,26.7
2026-06-06 18:00:00,23,26.3
2026-06-06 19:00:00,23,25.9
2026-06-06 20:00:00,23,25.5
2026-06-06 21:00:00,23,25.2
2026-06-06 22:00:00,23,25.2
2026-06-06 23:00:00,23,25.5
2026-06-04 00:00:00,24,27.0
2026-06-04 01:00:00,24,27.7
2026-06-04 02:00:00,24,28.7
2026-06-04 03:00:00,24,29.3
2026-06-04 04:00:00,24,29.5
2026-06-04 05:00:00,24,29.4
2026-06-04 06:00:00,24,29.2
2026-06-04 07:00:00,24,29.2
2026-06-04 08:00:00,24,29.1
2026-06-04 09:00:00,24,29.0
2026-06-04 10:00:00,24,28.8
2026-06-04 11:00:00,24,28.6
2026-06-04 12:00:00,24,28.5
2026-06-04 13:00:00,24,28.4
2026-06-04 14:00:00,24,28.5
2026-06-04 15:00:00,24,28.4
2026-06-04 16:00:00,24,28.2
2026-06-04 17:00:00,24,28.0
2026-06-04 18:00:00,24,27.8
2026-06-04 19:00:00,24,27.6
2026-06-04 20:00:00,24,27.5
2026-06-04 21:00:00,24,27.4
2026-06-04 22:00:00,24,27.2
2026-06-04 23:00:00,24,27.1
2026-06-05 00:00:00,24,26.6
2026-06-05 01:00:00,24,27.7
2026-06-05 02:00:00,24,29.2
2026-06-05 03:00:00,24,30.5
2026-06-05 04:00:00,24,31.3
2026-06-05 05:00:00,24,31.9
2026-06-05 06:00:00,24,32.2
2026-06-05 07:00:00,24,32.5
2026-06-05 08:00:00,24,32.5
2026-06-05 09:00:00,24,32.1
2026-06-05 10:00:00,24,31.1
2026-06-05 11:00:00,24,29.6
2026-06-05 12:00:00,24,28.4
2026-06-05 13:00:00,24,27.8
2026-06-05 14:00:00,24,27.4
2026-06-05 15:00:00,24,27.1
2026-06-05 16:00:00,24,26.8
2026-06-05 17:00:00,24,26.6
2026-06-05 18:00:00,24,26.4
2026-06-05 19:00:00,24,26.2
2026-06-05 20:00:00,24,25.9
2026-06-05 21:00:00,24,25.8
2026-06-05 22:00:00,24,25.8
2026-06-05 23:00:00,24,25.9
2026-06-06 00:00:00,24,26.4
2026-06-06 01:00:00,24,27.8
2026-06-06 02:00:00,24,29.7
2026-06-06 03:00:00,24,31.2
2026-06-06 04:00:00,24,32.0
2026-06-06 05:00:00,24,32.5
2026-06-06 06:00:00,24,32.6
2026-06-06 07:00:00,24,32.3
2026-06-06 08:00:00,24,31.7
2026-06-06 09:00:00,24,30.9
2026-06-06 10:00:00,24,29.8
2026-06-06 11:00:00,24,28.5
2026-06-06 12:00:00,24,27.5
2026-06-06 13:00:00,24,27.0
2026-06-06 14:00:00,24,26.7
2026-06-06 15:00:00,24,26.6
2026-06-06 16:00:00,24,26.6
2026-06-06 17:00:00,24,26.7
2026-06-06 18:00:00,24,26.7
2026-06-06 19:00:00,24,26.3
2026-06-06 20:00:00,24,25.8
2026-06-06 21:00:00,24,25.5
2026-06-06 22:00:00,24,25.5
2026-06-06 23:00:00,24,25.8
2026-06-04 00:00:00,25,27.4
2026-06-04 01:00:00,25,28.0
2026-06-04 02:00:00,25,28.9
2026-06-04 03:00:00,25,29.5
2026-06-04 04:00:00,25,29.6
2026-06-04 05:00:00,25,29.5
2026-06-04 06:00:00,25,29.5
2026-06-04 07:00:00,25,29.5
2026-06-04 08:00:00,25,29.6
2026-06-04 09:00:00,25,29.6
2026-06-04 10:00:00,25,29.3
2026-06-04 11:00:00,25,28.9
2026-06-04 12:00:00,25,28.6
2026-06-04 13:00:00,25,28.5
2026-06-04 14:00:00,25,28.5
2026-06-04 15:00:00,25,28.5
2026-06-04 16:00:00,25,28.3
2026-06-04 17:00:00,25,28.0
2026-06-04 18:00:00,25,27.7
2026-06-04 19:00:00,25,27.6
2026-06-04 20:00:00,25,27.5
2026-06-04 21:00:00,25,27.4
2026-06-04 22:00:00,25,27.2
2026-06-04 23:00:00,25,27.1
2026-06-05 00:00:00,25,26.4
2026-06-05 01:00:00,25,27.5
2026-06-05 02:00:00,25,28.9
2026-06-05 03:00:00,25,30.2
2026-06-05 04:00:00,25,31.3
2026-06-05 05:00:00,25,32.2
2026-06-05 06:00:00,25,32.7
2026-06-05 07:00:00,25,32.7
2026-06-05 08:00:00,25,32.4
2026-06-05 09:00:00,25,31.8
2026-06-05 10:00:00,25,30.7
2026-06-05 11:00:00,25,29.3
2026-06-05 12:00:00,25,28.2
2026-06-05 13:00:00,25,27.6
2026-06-05 14:00:00,25,27.2
2026-06-05 15:00:00,25,27.0
2026-06-05 16:00:00,25,26.7
2026-06-05 17:00:00,25,26.5
2026-06-05 18:00:00,25,26.3
2026-06-05 19:00:00,25,26.1
2026-06-05 20:00:00,25,26.0
2026-06-05 21:00:00,25,25.9
2026-06-05 22:00:00,25,25.9
2026-06-05 23:00:00,25,26.0
2026-06-06 00:00:00,25,26.6
2026-06-06 01:00:00,25,28.0
2026-06-06 02:00:00,25,29.9
2026-06-06 03:00:00,25,31.4
2026-06-06 04:00:00,25,32.3
2026-06-06 05:00:00,25,32.8
2026-06-06 06:00:00,25,32.9
2026-06-06 07:00:00,25,32.6
2026-06-06 08:00:00,25,31.8
2026-06-06 09:00:00,25,31.0
2026-06-06 10:00:00,25,29.9
2026-06-06 11:00:00,25,28.7
2026-06-06 12:00:00,25,27.8
2026-06-06 13:00:00,25,27.3
2026-06-06 14:00:00,25,27.0
2026-06-06 15:00:00,25,26.8
2026-06-06 16:00:00,25,26.7
2026-06-06 17:00:00,25,26.7
2026-06-06 18:00:00,25,26.5
2026-06-06 19:00:00,25,26.1
2026-06-06 20:00:00,25,25.6
2026-06-06 21:00:00,25,25.4
2026-06-06 22:00:00,25,25.6
2026-06-06 23:00:00,25,26.0
2026-06-04 00:00:00,26,27.5
2026-06-04 01:00:00,26,28.0
2026-06-04 02:00:00,26,28.7
2026-06-04 03:00:00,26,29.3
2026-06-04 04:00:00,26,29.5
2026-06-04 05:00:00,26,29.6
2026-06-04 06:00:00,26,29.6
2026-06-04 07:00:00,26,29.6
2026-06-04 08:00:00,26,29.6
2026-06-04 09:00:00,26,29.5
2026-06-04 10:00:00,26,29.1
2026-06-04 11:00:00,26,28.7
2026-06-04 12:00:00,26,28.4
2026-06-04 13:00:00,26,28.4
2026-06-04 14:00:00,26,28.5
2026-06-04 15:00:00,26,28.5
2026-06-04 16:00:00,26,28.2
2026-06-04 17:00:00,26,27.8
2026-06-04 18:00:00,26,27.5
2026-06-04 19:00:00,26,27.4
2026-06-04 20:00:00,26,27.3
2026-06-04 21:00:00,26,27.3
2026-06-04 22:00:00,26,27.3
2026-06-04 23:00:00,26,27.2
2026-06-05 00:00:00,26,26.5
2026-06-05 01:00:00,26,27.5
2026-06-05 02:00:00,26,28.9
2026-06-05 03:00:00,26,30.2
2026-06-05 04:00:00,26,31.3
2026-06-05 05:00:00,26,32.3
2026-06-05 06:00:00,26,32.9
2026-06-05 07:00:00,26,33.1
2026-06-05 08:00:00,26,32.8
2026-06-05 09:00:00,26,32.2
2026-06-05 10:00:00,26,31.1
2026-06-05 11:00:00,26,29.6
2026-06-05 12:00:00,26,28.3
2026-06-05 13:00:00,26,27.6
2026-06-05 14:00:00,26,27.1
2026-06-05 15:00:00,26,26.8
2026-06-05 16:00:00,26,26.5
2026-06-05 17:00:00,26,26.3
2026-06-05 18:00:00,26,26.1
2026-06-05 19:00:00,26,25.9
2026-06-05 20:00:00,26,25.7
2026-06-05 21:00:00,26,25.7
2026-06-05 22:00:00,26,25.7
2026-06-05 23:00:00,26,25.8
2026-06-06 00:00:00,26,26.3
2026-06-06 01:00:00,26,27.4
2026-06-06 02:00:00,26,29.0
2026-06-06 03:00:00,26,30.3
2026-06-06 04:00:00,26,31.4
2026-06-06 05:00:00,26,32.2
2026-06-06 06:00:00,26,32.7
2026-06-06 07:00:00,26,32.7
2026-06-06 08:00:00,26,32.4
2026-06-06 09:00:00,26,31.7
2026-06-06 10:00:00,26,30.5
2026-06-06 11:00:00,26,28.9
2026-06-06 12:00:00,26,27.7
2026-06-06 13:00:00,26,27.0
2026-06-06 14:00:00,26,26.7
2026-06-06 15:00:00,26,26.5
2026-06-06 16:00:00,26,26.5
2026-06-06 17:00:00,26,26.6
2026-06-06 18:00:00,26,26.6
2026-06-06 19:00:00,26,26.2
2026-06-06 20:00:00,26,25.7
2026-06-06 21:00:00,26,25.5
2026-06-06 22:00:00,26,25.6
2026-06-06 23:00:00,26,26.0
2026-06-04 00:00:00,27,27.4
2026-06-04 01:00:00,27,28.0
2026-06-04 02:00:00,27,28.8
2026-06-04 03:00:00,27,29.4
2026-06-04 04:00:00,27,29.4
2026-06-04 05:00:00,27,29.3
2026-06-04 06:00:00,27,29.1
2026-06-04 07:00:00,27,29.1
2026-06-04 08:00:00,27,29.2
2026-06-04 09:00:00,27,29.2
2026-06-04 10:00:00,27,29.0
2026-06-04 11:00:00,27,28.7
2026-06-04 12:00:00,27,28.5
2026-06-04 13:00:00,27,28.4
2026-06-04 14:00:00,27,28.3
2026-06-04 15:00:00,27,28.3
2026-06-04 16:00:00,27,28.2
2026-06-04 17:00:00,27,28.0
2026-06-04 18:00:00,27,27.9
2026-06-04 19:00:00,27,27.7
2026-06-04 20:00:00,27,27.5
2026-06-04 21:00:00,27,27.4
2026-06-04 22:00:00,27,27.2
2026-06-04 23:00:00,27,27.1
2026-06-05 00:00:00,27,26.5
2026-06-05 01:00:00,27,27.7
2026-06-05 02:00:00,27,29.3
2026-06-05 03:00:00,27,30.7
2026-06-05 04:00:00,27,31.5
2026-06-05 05:00:00,27,32.1
2026-06-05 06:00:00,27,32.4
2026-06-05 07:00:00,27,32.7
2026-06-05 08:00:00,27,32.8
2026-06-05 09:00:00,27,32.4
2026-06-05 10:00:00,27,31.2
2026-06-05 11:00:00,27,29.5
2026-06-05 12:00:00,27,28.1
2026-06-05 13:00:00,27,27.3
2026-06-05 14:00:00,27,26.9
2026-06-05 15:00:00,27,26.6
2026-06-05 16:00:00,27,26.3
2026-06-05 17:00:00,27,26.2
2026-06-05 18:00:00,27,26.1
2026-06-05 19:00:00,27,25.9
2026-06-05 20:00:00,27,25.7
2026-06-05 21:00:00,27,25.6
2026-06-05 22:00:00,27,25.7
2026-06-05 23:00:00,27,25.8
2026-06-06 00:00:00,27,26.4
2026-06-06 01:00:00,27,27.7
2026-06-06 02:00:00,27,29.5
2026-06-06 03:00:00,27,31.0
2026-06-06 04:00:00,27,32.0
2026-06-06 05:00:00,27,32.9
2026-06-06 06:00:00,27,33.3
2026-06-06 07:00:00,27,33.3
2026-06-06 08:00:00,27,33.0
2026-06-06 09:00:00,27,32.3
2026-06-06 10:00:00,27,31.0
2026-06-06 11:00:00,27,29.4
2026-06-06 12:00:00,27,28.2
2026-06-06 13:00:00,27,27.6
2026-06-06 14:00:00,27,27.3
2026-06-06 15:00:00,27,27.0
2026-06-06 16:00:00,27,26.8
2026-06-06 17:00:00,27,26.7
2026-06-06 18:00:00,27,26.4
2026-06-06 19:00:00,27,26.0
2026-06-06 20:00:00,27,25.4
2026-06-06 21:00:00,27,25.2
2026-06-06 22:00:00,27,25.4
2026-06-06 23:00:00,27,25.9
2026-06-04 00:00:00,28,27.4
2026-06-04 01:00:00,28,28.0
2026-06-04 02:00:00,28,28.8
2026-06-04 03:00:00,28,29.4
2026-06-04 04:00:00,28,29.5
2026-06-04 05:00:00,28,29.5
2026-06-04 06:00:00,28,29.5
2026-06-04 07:00:00,28,29.5
2026-06-04 08:00:00,28,29.6
2026-06-04 09:00:00,28,29.5
2026-06-04 10:00:00,28,29.2
2026-06-04 11:00:00,28,28.8
2026-06-04 12:00:00,28,28.5
2026-06-04 13:00:00,28,28.5
2026-06-04 14:00:00,28,28.6
2026-06-04 15:00:00,28,28.6
2026-06-04 16:00:00,28,28.4
2026-06-04 17:00:00,28,28.1
2026-06-04 18:00:00,28,27.8
2026-06-04 19:00:00,28,27.6
2026-06-04 20:00:00,28,27.5
2026-06-04 21:00:00,28,27.4
2026-06-04 22:00:00,28,27.2
2026-06-04 23:00:00,28,26.9
2026-06-05 00:00:00,28,26.3
2026-06-05 01:00:00,28,27.2
2026-06-05 02:00:00,28,28.5
2026-06-05 03:00:00,28,29.7
2026-06-05 04:00:00,28,30.9
2026-06-05 05:00:00,28,32.0
2026-06-05 06:00:00,28,32.6
2026-06-05 07:00:00,28,32.7
2026-06-05 08:00:00,28,32.4
2026-06-05 09:00:00,28,31.7
2026-06-05 10:00:00,28,30.7
2026-06-05 11:00:00,28,29.4
2026-06-05 12:00:00,28,28.3
2026-06-05 13:00:00,28,27.6
2026-06-05 14:00:00,28,27.2
2026-06-05 15:00:00,28,26.8
2026-06-05 16:00:00,28,26.5
2026-06-05 17:00:00,28,26.4
2026-06-05 18:00:00,28,26.2
2026-06-05 19:00:00,28,26.0
2026-06-05 20:00:00,28,25.8
2026-06-05 21:00:00,28,25.7
2026-06-05 22:00:00,28,25.6
2026-06-05 23:00:00,28,25.7
2026-06-06 00:00:00,28,26.3
2026-06-06 01:00:00,28,27.8
2026-06-06 02:00:00,28,29.8
2026-06-06 03:00:00,28,31.4
2026-06-06 04:00:00,28,32.5
2026-06-06 05:00:00,28,33.2
2026-06-06 06:00:00,28,33.6
2026-06-06 07:00:00,28,33.4
2026-06-06 08:00:00,28,32.8
2026-06-06 09:00:00,28,31.9
2026-06-06 10:00:00,28,30.7
2026-06-06 11:00:00,28,29.2
2026-06-06 12:00:00,28,28.1
2026-06-06 13:00:00,28,27.6
2026-06-06 14:00:00,28,27.4
2026-06-06 15:00:00,28,27.2
2026-06-06 16:00:00,28,26.8
2026-06-06 17:00:00,28,26.4
2026-06-06 18:00:00,28,26.0
2026-06-06 19:00:00,28,25.5
2026-06-06 20:00:00,28,25.0
2026-06-06 21:00:00,28,24.8
2026-06-06 22:00:00,28,25.1
2026-06-06 23:00:00,28,25.8
2026-06-04 00:00:00,29,27.7
2026-06-04 01:00:00,29,28.0
2026-06-04 02:00:00,29,28.4
2026-06-04 03:00:00,29,28.8
2026-06-04 04:00:00,29,29.2
2026-06-04 05:00:00,29,29.5
2026-06-04 06:00:00,29,29.7
2026-06-04 07:00:00,29,29.7
2026-06-04 08:00:00,29,29.6
2026-06-04 09:00:00,29,29.5
2026-06-04 10:00:00,29,29.2
2026-06-04 11:00:00,29,28.8
2026-06-04 12:00:00,29,28.5
2026-06-04 13:00:00,29,28.4
2026-06-04 14:00:00,29,28.5
2026-06-04 15:00:00,29,28.5
2026-06-04 16:00:00,29,28.3
2026-06-04 17:00:00,29,27.9
2026-06-04 18:00:00,29,27.7
2026-06-04 19:00:00,29,27.5
2026-06-04 20:00:00,29,27.4
2026-06-04 21:00:00,29,27.3
2026-06-04 22:00:00,29,27.2
2026-06-04 23:00:00,29,27.1
2026-06-05 00:00:00,29,26.6
2026-06-05 01:00:00,29,27.7
2026-06-05 02:00:00,29,29.3
2026-06-05 03:00:00,29,30.7
2026-06-05 04:00:00,29,31.7
2026-06-05 05:00:00,29,32.3
2026-06-05 06:00:00,29,32.7
2026-06-05 07:00:00,29,32.8
2026-06-05 08:00:00,29,32.6
2026-06-05 09:00:00,29,32.0
2026-06-05 10:00:00,29,30.9
2026-06-05 11:00:00,29,29.4
2026-06-05 12:00:00,29,28.2
2026-06-05 13:00:00,29,27.5
2026-06-05 14:00:00,29,27.1
2026-06-05 15:00:00,29,26.7
2026-06-05 16:00:00,29,26.4
2026-06-05 17:00:00,29,26.2
2026-06-05 18:00:00,29,26.0
2026-06-05 19:00:00,29,25.8
2026-06-05 20:00:00,29,25.7
2026-06-05 21:00:00,29,25.7
2026-06-05 22:00:00,29,25.7
2026-06-05 23:00:00,29,25.7
2026-06-06 00:00:00,29,26.2
2026-06-06 01:00:00,29,27.4
2026-06-06 02:00:00,29,29.0
2026-06-06 03:00:00,29,30.3
2026-06-06 04:00:00,29,31.1
2026-06-06 05:00:00,29,31.6
2026-06-06 06:00:00,29,31.9
2026-06-06 07:00:00,29,31.9
2026-06-06 08:00:00,29,31.7
2026-06-06 09:00:00,29,31.2
2026-06-06 10:00:00,29,30.2
2026-06-06 11:00:00,29,28.9
2026-06-06 12:00:00,29,27.8
2026-06-06 13:00:00,29,27.3
2026-06-06 14:00:00,29,27.0
2026-06-06 15:00:00,29,26.8
2026-06-06 16:00:00,29,26.7
2026-06-06 17:00:00,29,26.7
2026-06-06 18:00:00,29,26.5
2026-06-06 19:00:00,29,26.1
2026-06-06 20:00:00,29,25.5
2026-06-06 21:00:00,29,25.3
2026-06-06 22:00:00,29,25.5
2026-06-06 23:00:00,29,26.1
2026-06-04 00:00:00,30,27.4
2026-06-04 01:00:00,30,27.8
2026-06-04 02:00:00,30,28.3
2026-06-04 03:00:00,30,28.8
2026-06-04 04:00:00,30,29.1
2026-06-04 05:00:00,30,29.4
2026-06-04 06:00:00,30,29.5
2026-06-04 07:00:00,30,29.6
2026-06-04 08:00:00,30,29.6
2026-06-04 09:00:00,30,29.5
2026-06-04 10:00:00,30,29.2
2026-06-04 11:00:00,30,28.8
2026-06-04 12:00:00,30,28.5
2026-06-04 13:00:00,30,28.4
2026-06-04 14:00:00,30,28.3
2026-06-04 15:00:00,30,28.3
2026-06-04 16:00:00,30,28.2
2026-06-04 17:00:00,30,28.1
2026-06-04 18:00:00,30,27.9
2026-06-04 19:00:00,30,27.8
2026-06-04 20:00:00,30,27.6
2026-06-04 21:00:00,30,27.4
2026-06-04 22:00:00,30,27.3
2026-06-04 23:00:00,30,27.1
2026-06-05 00:00:00,30,26.5
2026-06-05 01:00:00,30,27.5
2026-06-05 02:00:00,30,28.8
2026-06-05 03:00:00,30,30.1
2026-06-05 04:00:00,30,31.1
2026-06-05 05:00:00,30,32.0
2026-06-05 06:00:00,30,32.5
2026-06-05 07:00:00,30,32.3
2026-06-05 08:00:00,30,31.7
2026-06-05 09:00:00,30,31.0
2026-06-05 10:00:00,30,30.1
2026-06-05 11:00:00,30,29.1
2026-06-05 12:00:00,30,28.3
2026-06-05 13:00:00,30,27.8
2026-06-05 14:00:00,30,27.4
2026-06-05 15:00:00,30,27.0
2026-06-05 16:00:00,30,26.7
2026-06-05 17:00:00,30,26.5
2026-06-05 18:00:00,30,26.3
2026-06-05 19:00:00,30,26.1
2026-06-05 20:00:00,30,25.9
2026-06-05 21:00:00,30,25.9
2026-06-05 22:00:00,30,25.8
2026-06-05 23:00:00,30,25.9
2026-06-06 00:00:00,30,26.5
2026-06-06 01:00:00,30,28.0
2026-06-06 02:00:00,30,29.9
2026-06-06 03:00:00,30,31.6
2026-06-06 04:00:00,30,32.6
2026-06-06 05:00:00,30,33.3
2026-06-06 06:00:00,30,33.7
2026-06-06 07:00:00,30,33.8
2026-06-06 08:00:00,30,33.5
2026-06-06 09:00:00,30,32.9
2026-06-06 10:00:00,30,31.5
2026-06-06 11:00:00,30,29.8
2026-06-06 12:00:00,30,28.4
2026-06-06 13:00:00,30,27.8
2026-06-06 14:00:00,30,27.4
2026-06-06 15:00:00,30,27.2
2026-06-06 16:00:00,30,26.9
2026-06-06 17:00:00,30,26.6
2026-06-06 18:00:00,30,26.4
2026-06-06 19:00:00,30,26.0
2026-06-06 20:00:00,30,25.6
2026-06-06 21:00:00,30,25.4
2026-06-06 22:00:00,30,25.5
2026-06-06 23:00:00,30,25.8
